Workbook
Name guarantors_cleaned: 'Applications (Corrected Dates)'!$A$1:$M$8038
Name properties_cleaned: Properties!$A$1:$H$1537
Name properties_cleaned: 'Properties (Cleaned)'!$A$1:$G$1537

Sheet Applications
A1: app_id | B1: property_id | C1: app_date | D1: employment_status | E1: income | F1: credit_score | G1: previously_evicted | H1: has_cosigner | I1: approval_status | J1: premium | K1: monthly_rent | L1: tenants | M1: notes
A2: 140 | B2: 357 | C2: 43996 | D2: Retired | E2: 129141 | G2: No | H2: no | I2: Denied | J2: 5846.4 | K2: 6090 | L2: 3 | M2: Renewal case.
A3: 339 | B3: 1135 | C3: 45346 | D3: Retired | E3: 227525 | G3: No | H3: TRUE | I3: approved | J3: 2572.8 | K3: 2680 | L3: 5
A4: 664 | B4: 438 | C4: 44617 | D4: Full-Time | E4: 163743 | F4: 745 | G4: No | H4: TRUE | I4: Approved | J4: 2805.6 | K4: 3340 | L4: 4 | M4: Applicant provided pay stubs.
A5: 1365 | B5: 557 | C5: 24/04/2022 | D5: Contract | E5: 70375 | F5: 687 | G5: No | H5: No | I5: Pending | J5: 2134.2 | K5: 3557 | L5: 4 | M5: Referred by agent.
A6: 2528 | B6: 38 | C6: 44243 | D6: Retired | E6: 142283 | G6: Yes | H6: TRUE | I6: Pending | J6: 4979.52 | K6: 5187 | L6: 5 | M6: Referred by agent.
A7: 5110 | B7: 483 | C7: 43918 | D7: Self-Employed | E7: 168958 | F7: 676 | G7: No | I7: Approved | J7: 1337.28 | K7: 1592 | L7: 2 | M7: Co-signer pending review.
A8: 8277 | B8: 386 | C8: 45320 | D8: Student | E8: 98060 | F8: 833 | G8: No | H8: yes | I8: Approved | J8: 1518 | K8: 2300 | L8: 2 | M8: Flagged for manual review.
A9: 8386 | B9: 1432 | C9: 44092 | D9: Unemployed | E9: 124900000 | F9: 698 | G9: No | H9: No | I9: Under Review | J9: 5827.2 | K9: 6070 | L9: 4 | M9: .
A10: 9442 | B10: 1532 | C10: 44990 | D10: Full-Time | E10: 44834 | F10: 656 | G10: No | H10: No | I10: Denied | J10: 2118.48 | K10: 2716 | L10: 4 | M10: docs expired
A11: 10126 | B11: 207 | C11: 44519 | D11: Retired | E11: 205761 | F11: 662 | G11: No | H11: yes | I11: Pending | J11: 3986.4 | K11: 6644 | L11: 5 | M11: n/a
A12: 12726 | B12: 1738 | C12: 45651 | D12: Part-Time | E12: 213156 | F12: N/A | G12: No | H12: No | I12: Pending | J12: 1776.6 | K12: 2115 | L12: 3 | M12: docs expired
A13: 13509 | B13: 200 | C13: 30/11/2021 | D13: Full-Time | E13: 205434 | G13: Yes | H13: Y | I13: approved | J13: 1840.74 | K13: 2789 | L13: 1 | M13: Referred by agent.
A14: 14294 | B14: 30 | C14: 44970 | D14: Unemployed | E14: 231909 | F14: 809 | G14: No | H14: no | I14: Approved | J14: 2976.96 | K14: 3101 | L14: 4 | M14: Missing bank statements.
A15: 14569 | B15: 304 | C15: 45411 | D15: Unemployed | E15: 183128 | F15: 798 | G15: Yes | H15: No | I15: Denied | J15: 1251 | K15: 2085 | L15: 1 | M15: docs expired
A16: 14590 | B16: 71 | C16: 44625 | D16: Full-Time | E16: 135994 | F16: 448 | G16: No | I16: Pending | J16: 2827.5 | K16: 3625 | L16: 3 | M16: N/A
A17: 16578 | B17: 941 | C17: 44135 | D17: Full-Time | E17: 212683 | F17: 654 | G17: Yes | H17: No | I17: Approved | J17: 2230.02 | K17: 2859 | L17: 3 | M17: n/a
A18: 17022 | B18: 1471 | C18: 44026 | D18: Part-Time | E18: 75089 | G18: No | H18: no | I18: Approved | J18: 3880.8 | K18: 4620 | L18: 3 | M18: Applicant provided pay stubs.
A19: 20568 | B19: 1143 | C19: 13/04/2022 | D19: Retired | E19: 242708 | F19: 497 | G19: No | H19: no | I19: Denied | J19: 2398.08 | K19: 2498 | L19: 1 | M19: Missing bank statements.
A20: 22043 | B20: 1082 | C20: 44303 | D20: Part-Time | E20: 167814 | F20: 722 | G20: No | H20: no | I20: denied | J20: 913.44 | K20: 1384 | L20: 3 | M20: Flagged for manual review.
A21: 22113 | B21: 1614 | C21: 44861 | D21: Full-Time | E21: 161093 | F21: 779 | G21: No | H21: 1 | I21: Pending | J21: 6505.8 | K21: 7745 | L21: 1 | M21: Co-signer pending review.
A22: 22530 | B22: 105 | C22: 27/12/2022 | D22: Unemployed | E22: 243086 | F22: 811 | G22: No | H22: N | I22: Withdrawn | J22: 4456.92 | K22: 5714 | L22: 1 | M22: N/A
A23: 22927 | B23: 858 | C23: 44391 | D23: Unemployed | E23: 6344 | F23: 657 | G23: No | H23: FALSE | I23: denied | J23: 4003.74 | K23: 5133 | L23: 2 | M23: Missing bank statements.
A24: 23053 | B24: 587 | C24: 45339 | D24: Part-Time | E24: 97725 | F24: 447 | G24: No | H24: 1 | I24: Pending | J24: 5443.2 | K24: 5670 | L24: 5 | M24: Co-signer pending review.
A25: 23531 | B25: 623 | D25: Unemployed | E25: 59619 | F25: 770 | G25: No | H25: FALSE | I25: Approved | J25: 7350.72 | K25: 7657 | L25: 2 | M25: Applicant follow-up needed
A26: 25929 | B26: 1112 | C26: 45657 | D26: Student | E26: 18094 | G26: No | H26: No | I26: Pending | J26: 1285.68 | K26: 1948 | L26: 3 | M26: Renewal case.
A27: 27031 | B27: 1424 | C27: 45094 | D27: Student | E27: 117184 | F27: 842 | G27: Yes | H27: 0 | I27: Pending | J27: 1940.64 | K27: 2488 | L27: 5 | M27: N/A
A28: 28523 | B28: 863 | D28: Contract | E28: 129953 | F28: 729 | G28: No | H28: FALSE | I28: Approved | J28: 828.96 | K28: 1256 | L28: 2
A29: 29155 | B29: 117 | C29: 44535 | D29: Student | E29: 67801 | F29: 726 | G29: No | H29: yes | I29: Denied | J29: 1776.06 | K29: 2691 | L29: 5 | M29: Flagged for manual review.
A30: 29469 | B30: 1502 | C30: 43926 | D30: Retired | E30: 205970 | F30: 717 | G30: No | H30: No | I30: Approved | J30: 1761 | K30: 2935 | L30: 1 | M30: N/A
A31: 31153 | B31: 1426 | C31: 45271 | D31: Retired | E31: 239937 | F31: 552 | G31: No | H31: 0 | I31: Approved | J31: 6846.72 | K31: 7132 | L31: 5 | M31: Missing bank statements.
A32: 32569 | B32: 960 | C32: 26/06/2021 | D32: Unemployed | E32: 135402 | F32: 659 | G32: No | H32: N | I32: Denied | J32: 1281.06 | K32: 1941 | L32: 2
A33: 33505 | B33: 1374 | C33: 44776 | D33: Student | E33: 123900000 | F33: 718 | G33: Yes | H33: No | I33: Denied | J33: 2250.6 | K33: 3751 | L33: 5 | M33: Renewal case.
A34: 39831 | B34: 786 | C34: 45412 | D34: Part-Time | E34: 182546 | G34: No | I34: Withdrawn | J34: 1992.48 | K34: 2372 | L34: 4 | M34: n/a
A35: 40594 | B35: 1486 | C35: 44747 | D35: Part-Time | E35: 196804 | F35: 831 | G35: No | H35: FALSE | I35: Pending | J35: 3932.16 | K35: 4096 | L35: 2 | M35: Co-signer pending review.
A36: 40885 | B36: 542 | C36: 45612 | D36: Retired | E36: 79240 | F36: 730 | G36: Yes | H36: TRUE | I36: Pending | J36: 1566.6 | K36: 1865 | L36: 3 | M36: Missing bank statements.
A37: 42664 | B37: 690 | C37: 44177 | D37: Unemployed | E37: 73906 | F37: 632 | G37: No | H37: No | I37: Withdrawn | J37: 1048.32 | K37: 1344 | L37: 2 | M37: Missing bank statements.
A38: 42801 | B38: 1301 | C38: 44733 | D38: Student | E38: 88287 | F38: 587 | G38: No | H38: TRUE | I38: Denied | J38: 1393.92 | K38: 2112 | L38: 5
A39: 42852 | B39: 635 | C39: 45116 | D39: Student | E39: 184446 | F39: 679 | G39: No | H39: 0 | I39: Approved | J39: 4816.32 | K39: 5017 | L39: 2 | M39: .
A40: 45209 | B40: 1679 | C40: 43941 | D40: Student | E40: 155017 | F40: 628 | G40: Yes | H40: FALSE | I40: Withdrawn | J40: 3724.56 | K40: 4434 | L40: 4
A41: 45214 | B41: 745 | C41: 44834 | D41: Unemployed | E41: 184947 | F41: 773 | G41: No | H41: yes | I41: Approved | J41: 3454.44 | K41: 5234 | L41: 3 | M41: Referred by agent.
A42: 47538 | B42: 138 | C42: 44015 | D42: Student | E42: 222971 | F42: 759 | G42: No | H42: no | I42: Approved | J42: 2119.68 | K42: 2208 | L42: 2 | M42: Applicant provided pay stubs.
A43: 48883 | B43: 151 | C43: 44027 | D43: Full-Time | E43: 196831 | F43: 840 | G43: No | H43: FALSE | I43: Approved | J43: 2521.86 | K43: 0 | L43: 3 | M43: Applicant provided pay stubs.
A44: 49499 | B44: 431 | C44: 45233 | D44: Self-Employed | E44: 88403 | F44: 358 | G44: No | H44: No | I44: Approved | J44: 2804.1 | K44: 3595 | L44: 1 | M44: Applicant follow-up needed
A45: 50504 | B45: 478 | C45: 45574 | D45: Contract | E45: 48496 | F45: N/A | G45: No | H45: TRUE | I45: Under Review | J45: 2903.04 | K45: 3024 | L45: 1
A46: 50983 | B46: 1624 | C46: 45425 | D46: Self-Employed | E46: 69518 | F46: 584 | G46: No | H46: FALSE | I46: Approved | J46: 2680.26 | K46: 4061 | L46: 3 | M46: n/a
A47: 53482 | B47: 1052 | C47: 43938 | D47: Full-Time | E47: 161542 | F47: 633 | G47: Yes | I47: Approved | J47: 2710.5 | K47: 0 | L47: 3 | M47: N/A
A48: 56224 | B48: 1335 | C48: 45087 | D48: Student | E48: 155101 | F48: 685 | G48: No | H48: FALSE | I48: Pending | J48: 6277.32 | K48: 7473 | L48: 5 | M48: Applicant follow-up needed
A49: 58428 | B49: 177 | C49: 45055 | D49: Retired | E49: 220104 | F49: 779 | G49: No | H49: no | I49: Withdrawn | J49: 1509.12 | K49: 1572 | L49: 1
A50: 58625 | B50: 835 | C50: 44737 | D50: Part-Time | E50: 128630 | F50: 591 | G50: No | H50: 1 | I50: Denied | J50: 2509.08 | K50: 2987 | L50: 2 | M50: .
A51: 60529 | B51: 1755 | C51: 44961 | D51: Part-Time | E51: 41338 | F51: 834 | G51: Yes | H51: FALSE | I51: Approved | J51: 1681.2 | K51: 2802 | L51: 5
A52: 64113 | B52: 317 | C52: 44887 | D52: Self-Employed | E52: 62462 | F52: 693 | G52: No | H52: 1 | I52: Denied | J52: 2854.08 | K52: 2973 | L52: 1
A53: 65031 | B53: 566 | C53: 28/08/2021 | D53: Unemployed | E53: 115814 | F53: 654 | G53: No | H53: FALSE | I53: Approved | J53: 1177.8 | K53: 1510 | L53: 2 | M53: n/a
A54: 66941 | B54: 395 | C54: 44431 | D54: Contract | E54: 190401 | F54: 733 | G54: No | H54: Yes | I54: Denied | J54: 2486.4 | K54: 4144 | L54: 5 | M54: Flagged for manual review.
A55: 68766 | B55: 1461 | C55: 44710 | D55: Retired | E55: 41771 | F55: 705 | G55: Yes | I55: Approved | J55: 3621.12 | K55: 3772 | L55: 1 | M55: Applicant provided pay stubs.
A56: 70981 | B56: 212 | C56: 45130 | D56: Retired | E56: 269787 | F56: 617 | G56: No | H56: Y | I56: Under Review | J56: 1713.6 | K56: 1785 | L56: 4
A57: 71141 | B57: 1637 | C57: 44079 | D57: Unemployed | E57: 242263 | F57: 693 | G57: Yes | H57: FALSE | I57: Approved | J57: 2810.4 | K57: 4684 | L57: 1
A58: 71283 | B58: 571 | C58: 13/08/2022 | D58: Retired | E58: 31211 | F58: 725 | G58: No | I58: Denied | J58: 1703.46 | K58: 2581 | L58: 2
A59: 71327 | B59: 1218 | C59: 43882 | D59: Contract | E59: 229294 | F59: 782 | G59: No | H59: FALSE | I59: Approved | J59: 4985.64 | K59: 7554 | L59: 4 | M59: .
A60: 71917 | B60: 1380 | C60: 45161 | D60: Self-Employed | E60: 169250 | F60: 808 | G60: No | H60: yes | I60: Approved | J60: 8010.24 | K60: 8344 | L60: 1
A61: 71995 | B61: 478 | C61: 44487 | D61: Self-Employed | E61: 249012 | F61: 611 | G61: No | H61: 0 | I61: Approved | J61: 1814.4 | K61: 3024 | L61: 4 | M61: N/A
A62: 72021 | B62: 122 | C62: 45225 | D62: Student | E62: 66703 | F62: 662 | G62: No | H62: Yes | I62: Approved | J62: 1247.4 | K62: 1485 | L62: 2 | M62: Referred by agent.
A63: 72452 | B63: 843 | C63: 44428 | D63: Full-Time | E63: 96593 | F63: 697 | G63: Yes | H63: TRUE | I63: Withdrawn | J63: 1117.74 | K63: 1433 | L63: 5 | M63: N/A
A64: 77457 | B64: 1135 | C64: 43834 | D64: Retired | E64: 158915 | F64: 696 | G64: No | H64: FALSE | I64: Approved | J64: 2251.2 | K64: 2680 | L64: 5
A65: 77536 | B65: 1622 | C65: 45318 | D65: Retired | E65: 98912 | F65: 478 | G65: No | H65: TRUE | I65: Approved | J65: 1770.78 | K65: 2683 | L65: 3 | M65: Applicant provided pay stubs.
A66: 77608 | B66: 938 | C66: 44871 | D66: Retired | E66: 157949 | F66: 788 | G66: No | H66: Y | I66: Approved | J66: 3348 | K66: 5580 | L66: 2 | M66: Renewal case.
A67: 78835 | B67: 135 | C67: 44748 | D67: Part-Time | E67: 38929 | F67: 731 | G67: Yes | H67: TRUE | I67: Withdrawn | J67: 1298.64 | K67: 1546 | L67: 2 | M67: Missing bank statements.
A68: 78900 | B68: 1277 | C68: 44572 | D68: Part-Time | E68: 132759 | F68: 624 | G68: No | H68: N | I68: Pending | J68: 1163.52 | K68: 1212 | L68: 3
A69: 79698 | B69: 1626 | D69: Part-Time | E69: 129683 | F69: 808 | G69: Yes | H69: 1 | I69: Approved | J69: 3760.68 | K69: 4477 | L69: 3 | M69: Co-signer pending review.
A70: 80054 | B70: 1108 | C70: 44928 | D70: Retired | E70: 67982 | F70: 630 | G70: No | H70: N | I70: Approved | J70: 1906.8 | K70: 2270 | L70: 5 | M70: Renewal case.
A71: 84952 | B71: 183 | C71: 45551 | D71: Full-Time | E71: 126775 | F71: 732 | G71: No | H71: No | I71: pending | J71: 6460.44 | K71: 7691 | L71: 2 | M71: income verified via Plaid
A72: 85446 | B72: 1300 | C72: 45272 | D72: Unemployed | E72: 225455 | F72: 646 | G72: No | H72: Y | I72: Under Review | J72: 3037.44 | K72: 3616 | L72: 5 | M72: Flagged for manual review.
A73: 85917 | B73: 1054 | C73: 18/04/2023 | D73: Student | E73: 88348 | F73: 656 | G73: No | H73: N | I73: Pending | J73: 2042.88 | K73: 2128 | L73: 5 | M73: Referred by agent.
A74: 86395 | B74: 805 | C74: 44855 | D74: Full-Time | E74: 179372 | F74: 367 | G74: No | H74: TRUE | I74: Approved | J74: 1257.3 | K74: 1905 | L74: 4 | M74: n/a
A75: 86589 | B75: 384 | C75: 44414 | D75: Student | E75: 31675 | F75: 760 | G75: Yes | H75: Yes | I75: Pending | J75: 4969.38 | K75: 6371 | L75: 5 | M75: .
A76: 88929 | B76: 1531 | C76: 43869 | D76: Full-Time | E76: 208788 | F76: 618 | G76: No | H76: TRUE | I76: Approved | J76: 1610.7 | K76: 2065 | L76: 2 | M76: n/a
A77: 89319 | B77: 329 | C77: 44738 | D77: Contract | E77: 153876 | F77: 733 | G77: Yes | H77: FALSE | I77: Approved | J77: 1874.4 | K77: 2840 | L77: 3 | M77: docs expired
A78: 91589 | B78: 1600 | C78: 44541 | D78: Unemployed | E78: 163765 | G78: No | H78: yes | I78: Pending | J78: 1850.94 | K78: 2373 | L78: 2 | M78: Referred by agent.
A79: 93901 | B79: 506 | C79: 45269 | D79: Part-Time | E79: 45964 | F79: 608 | G79: No | H79: no | I79: Approved | J79: 1315.08 | K79: 1686 | L79: 3 | M79: Renewal case.
A80: 97465 | B80: 493 | C80: 44386 | D80: Self-Employed | E80: 154533 | F80: 537 | G80: Yes | H80: yes | I80: Pending | J80: 6987.12 | K80: 8318 | L80: 3
A81: 98074 | B81: 160 | C81: 21/04/2023 | D81: Self-Employed | E81: 40504 | F81: 781 | G81: No | H81: no | I81: Denied | J81: 894.6 | K81: 1065 | L81: 3 | M81: Applicant provided pay stubs.
A82: 98331 | B82: 599 | C82: 44700 | D82: Retired | E82: 286252 | F82: 672 | G82: No | H82: FALSE | I82: Approved | J82: 923.34 | K82: 1399 | L82: 2 | M82: Referred by agent.
A83: 98763 | B83: 1094 | C83: 44065 | D83: Part-Time | E83: 85053 | F83: 711 | G83: No | H83: 0 | I83: Denied | J83: 1433.88 | K83: 1707 | L83: 2 | M83: Applicant provided pay stubs.
A84: 99221 | B84: 1237 | C84: 44279 | D84: Full-Time | E84: 164591 | F84: 814 | G84: No | I84: Approved | J84: 932.88 | K84: 1196 | L84: 4 | M84: N/A
A85: 99521 | B85: 1451 | C85: 44414 | D85: Retired | E85: 164566 | F85: 681 | G85: No | H85: yes | I85: Denied | J85: 3500.28 | K85: 4167 | L85: 1 | M85: Applicant provided pay stubs.
A86: 101283 | B86: 1067 | C86: 44670 | D86: Contract | E86: 123836 | F86: 691 | G86: Yes | H86: 1 | I86: Denied | J86: 1911.36 | K86: 2896 | L86: 3 | M86: n/a
A87: 102129 | B87: 20 | C87: 44899 | D87: Full-Time | E87: 39954 | F87: 605 | G87: No | H87: yes | I87: Denied | J87: 4233.6 | K87: 5040 | L87: 4 | M87: Referred by agent.
A88: 102888 | B88: 1448 | C88: 45308 | D88: Self-Employed | E88: 21282 | F88: 709 | G88: Yes | I88: Denied | J88: 1903.44 | K88: 2884 | L88: 5 | M88: Renewal case.
A89: 103039 | B89: 145 | C89: 44276 | D89: Unemployed | E89: 184496 | F89: 830 | G89: Yes | H89: FALSE | I89: Approved | J89: 520.8 | K89: 868 | L89: 4 | M89: .
A90: 104681 | B90: 31 | C90: 44273 | D90: Part-Time | E90: 59925 | G90: No | H90: TRUE | I90: Under Review | J90: 3008.88 | K90: 3582 | L90: 1 | M90: docs expired
A91: 108314 | B91: 1242 | C91: 31/10/2024 | D91: Student | E91: 253626 | F91: 825 | G91: No | H91: Y | I91: Denied | J91: 3026.52 | K91: 3603 | L91: 3 | M91: Missing bank statements.
A92: 110697 | B92: 1725 | C92: 44449 | D92: Self-Employed | E92: 254073 | F92: 799 | G92: No | H92: yes | I92: Approved | J92: 8069.76 | K92: 8406 | L92: 3 | M92: Renewal case.
A93: 111153 | B93: 43 | C93: 45509 | D93: Self-Employed | E93: 63750 | F93: 609 | G93: No | H93: yes | I93: Approved | J93: 2569.32 | K93: 3294 | L93: 1 | M93: N/A
A94: 112052 | B94: 1495 | C94: 44458 | D94: Self-Employed | E94: 87224 | F94: 633 | G94: No | H94: Y | I94: Approved | J94: 4537.26 | K94: 5817 | L94: 5 | M94: Applicant provided pay stubs.
A95: 113063 | B95: 4 | C95: 22/12/2024 | D95: Self-Employed | E95: 51665 | G95: No | H95: FALSE | I95: Under Review | J95: 1454.04 | K95: 1731 | L95: 5 | M95: n/a
A96: 113191 | B96: 1565 | C96: 44746 | D96: Retired | E96: 197044 | G96: No | H96: FALSE | I96: Approved | J96: 3370.08 | K96: 4012 | L96: 2 | M96: Missing bank statements.
A97: 113530 | B97: 1024 | C97: 45625 | D97: Full-Time | E97: 222537 | F97: 653 | G97: Yes | H97: FALSE | I97: Approved | J97: 953.04 | K97: 1444 | L97: 2 | M97: Applicant provided pay stubs.
A98: 113555 | B98: 11 | C98: 31/01/2020 | D98: Self-Employed | E98: 21950 | F98: 835 | G98: No | H98: TRUE | I98: Under Review | J98: 3956.7 | K98: 5995 | L98: 4
A99: 117487 | B99: 1229 | C99: 44920 | D99: Retired | E99: 234431 | F99: 832 | G99: No | H99: 0 | I99: Pending | J99: 6237 | K99: 9450 | L99: 2
A100: 118720 | B100: 1048 | C100: 44410 | D100: Self-Employed | E100: 318849 | F100: 778 | G100: No | H100: No | I100: Denied | J100: 4804.8 | K100: 8008 | L100: 3 | M100: docs expired
...

Sheet Applications (Cleaned)
A1: app_id | B1: property_id | C1: app_date | D1: employment_status | E1: income | F1: credit_score | G1: previously_evicted | H1: has_cosigner | I1: approval_status | J1: premium | K1: monthly_rent | L1: tenants | M1: notes
A2: =TEXT(Applications!A2,"00000") -> 00140 | B2: =TEXT(Applications!B2,"0000") -> 0357 | C2: 43996 | D2: Retired | E2: =LEFT(Applications!E2,6) -> 129141 | G2: No | H2: {=_xlfn.IFS(OR(Applications!H2=FALSE,Applications!H2=0,LEFT(Applications!H2,1)="N"),"No",OR(Applications!H2=TRUE,Applications!H2=1,LEFT(Applications!H2,1)="Y"),"Yes")} -> No | I2: =PROPER(Applications!I2) -> Denied | J2: 5846.4 | K2: 6090 | L2: 3 | M2: Renewal case.
A3: =TEXT(Applications!A3,"00000") -> 00339 | B3: =TEXT(Applications!B3,"0000") -> 1135 | C3: 45346 | D3: Retired | E3: =LEFT(Applications!E3,6) -> 227525 | G3: No | H3: {=_xlfn.IFS(OR(Applications!H3=FALSE,Applications!H3=0,LEFT(Applications!H3,1)="N"),"No",OR(Applications!H3=TRUE,Applications!H3=1,LEFT(Applications!H3,1)="Y"),"Yes")} -> Yes | I3: =PROPER(Applications!I3) -> Approved | J3: 2572.8 | K3: 2680 | L3: 5
A4: =TEXT(Applications!A4,"00000") -> 00664 | B4: =TEXT(Applications!B4,"0000") -> 0438 | C4: 44617 | D4: Full-Time | E4: =LEFT(Applications!E4,6) -> 163743 | F4: 745 | G4: No | H4: {=_xlfn.IFS(OR(Applications!H4=FALSE,Applications!H4=0,LEFT(Applications!H4,1)="N"),"No",OR(Applications!H4=TRUE,Applications!H4=1,LEFT(Applications!H4,1)="Y"),"Yes")} -> Yes | I4: =PROPER(Applications!I4) -> Approved | J4: 2805.6 | K4: 3340 | L4: 4 | M4: Applicant provided pay stubs.
A5: =TEXT(Applications!A5,"00000") -> 01365 | B5: =TEXT(Applications!B5,"0000") -> 0557 | C5: 24/04/2022 | D5: Contract | E5: =LEFT(Applications!E5,6) -> 70375 | F5: 687 | G5: No | H5: {=_xlfn.IFS(OR(Applications!H5=FALSE,Applications!H5=0,LEFT(Applications!H5,1)="N"),"No",OR(Applications!H5=TRUE,Applications!H5=1,LEFT(Applications!H5,1)="Y"),"Yes")} -> No | I5: =PROPER(Applications!I5) -> Pending | J5: 2134.2 | K5: 3557 | L5: 4 | M5: Referred by agent.
A6: =TEXT(Applications!A6,"00000") -> 02528 | B6: =TEXT(Applications!B6,"0000") -> 0038 | C6: 44243 | D6: Retired | E6: =LEFT(Applications!E6,6) -> 142283 | G6: Yes | H6: {=_xlfn.IFS(OR(Applications!H6=FALSE,Applications!H6=0,LEFT(Applications!H6,1)="N"),"No",OR(Applications!H6=TRUE,Applications!H6=1,LEFT(Applications!H6,1)="Y"),"Yes")} -> Yes | I6: =PROPER(Applications!I6) -> Pending | J6: 4979.52 | K6: 5187 | L6: 5 | M6: Referred by agent.
A7: =TEXT(Applications!A7,"00000") -> 05110 | B7: =TEXT(Applications!B7,"0000") -> 0483 | C7: 43918 | D7: Self-Employed | E7: =LEFT(Applications!E7,6) -> 168958 | F7: 676 | G7: No | H7: {=_xlfn.IFS(OR(Applications!H7=FALSE,Applications!H7=0,LEFT(Applications!H7,1)="N"),"No",OR(Applications!H7=TRUE,Applications!H7=1,LEFT(Applications!H7,1)="Y"),"Yes")} -> No | I7: =PROPER(Applications!I7) -> Approved | J7: 1337.28 | K7: 1592 | L7: 2 | M7: Co-signer pending review.
A8: =TEXT(Applications!A8,"00000") -> 08277 | B8: =TEXT(Applications!B8,"0000") -> 0386 | C8: 45320 | D8: Student | E8: =LEFT(Applications!E8,6) -> 98060 | F8: 833 | G8: No | H8: {=_xlfn.IFS(OR(Applications!H8=FALSE,Applications!H8=0,LEFT(Applications!H8,1)="N"),"No",OR(Applications!H8=TRUE,Applications!H8=1,LEFT(Applications!H8,1)="Y"),"Yes")} -> Yes | I8: =PROPER(Applications!I8) -> Approved | J8: 1518 | K8: 2300 | L8: 2 | M8: Flagged for manual review.
A9: =TEXT(Applications!A9,"00000") -> 08386 | B9: =TEXT(Applications!B9,"0000") -> 1432 | C9: 44092 | D9: Unemployed | E9: =LEFT(Applications!E9,6) -> 124900 | F9: 698 | G9: No | H9: {=_xlfn.IFS(OR(Applications!H9=FALSE,Applications!H9=0,LEFT(Applications!H9,1)="N"),"No",OR(Applications!H9=TRUE,Applications!H9=1,LEFT(Applications!H9,1)="Y"),"Yes")} -> No | I9: =PROPER(Applications!I9) -> Under Review | J9: 5827.2 | K9: 6070 | L9: 4 | M9: .
A10: =TEXT(Applications!A10,"00000") -> 09442 | B10: =TEXT(Applications!B10,"0000") -> 1532 | C10: 44990 | D10: Full-Time | E10: =LEFT(Applications!E10,6) -> 44834 | F10: 656 | G10: No | H10: {=_xlfn.IFS(OR(Applications!H10=FALSE,Applications!H10=0,LEFT(Applications!H10,1)="N"),"No",OR(Applications!H10=TRUE,Applications!H10=1,LEFT(Applications!H10,1)="Y"),"Yes")} -> No | I10: =PROPER(Applications!I10) -> Denied | J10: 2118.48 | K10: 2716 | L10: 4 | M10: docs expired
A11: =TEXT(Applications!A11,"00000") -> 10126 | B11: =TEXT(Applications!B11,"0000") -> 0207 | C11: 44519 | D11: Retired | E11: =LEFT(Applications!E11,6) -> 205761 | F11: 662 | G11: No | H11: {=_xlfn.IFS(OR(Applications!H11=FALSE,Applications!H11=0,LEFT(Applications!H11,1)="N"),"No",OR(Applications!H11=TRUE,Applications!H11=1,LEFT(Applications!H11,1)="Y"),"Yes")} -> Yes | I11: =PROPER(Applications!I11) -> Pending | J11: 3986.4 | K11: 6644 | L11: 5 | M11: n/a
A12: =TEXT(Applications!A12,"00000") -> 12726 | B12: =TEXT(Applications!B12,"0000") -> 1738 | C12: 45651 | D12: Part-Time | E12: =LEFT(Applications!E12,6) -> 213156 | F12: N/A | G12: No | H12: {=_xlfn.IFS(OR(Applications!H12=FALSE,Applications!H12=0,LEFT(Applications!H12,1)="N"),"No",OR(Applications!H12=TRUE,Applications!H12=1,LEFT(Applications!H12,1)="Y"),"Yes")} -> No | I12: =PROPER(Applications!I12) -> Pending | J12: 1776.6 | K12: 2115 | L12: 3 | M12: docs expired
A13: =TEXT(Applications!A13,"00000") -> 13509 | B13: =TEXT(Applications!B13,"0000") -> 0200 | C13: 30/11/2021 | D13: Full-Time | E13: =LEFT(Applications!E13,6) -> 205434 | G13: Yes | H13: {=_xlfn.IFS(OR(Applications!H13=FALSE,Applications!H13=0,LEFT(Applications!H13,1)="N"),"No",OR(Applications!H13=TRUE,Applications!H13=1,LEFT(Applications!H13,1)="Y"),"Yes")} -> Yes | I13: =PROPER(Applications!I13) -> Approved | J13: 1840.74 | K13: 2789 | L13: 1 | M13: Referred by agent.
A14: =TEXT(Applications!A14,"00000") -> 14294 | B14: =TEXT(Applications!B14,"0000") -> 0030 | C14: 44970 | D14: Unemployed | E14: =LEFT(Applications!E14,6) -> 231909 | F14: 809 | G14: No | H14: {=_xlfn.IFS(OR(Applications!H14=FALSE,Applications!H14=0,LEFT(Applications!H14,1)="N"),"No",OR(Applications!H14=TRUE,Applications!H14=1,LEFT(Applications!H14,1)="Y"),"Yes")} -> No | I14: =PROPER(Applications!I14) -> Approved | J14: 2976.96 | K14: 3101 | L14: 4 | M14: Missing bank statements.
A15: =TEXT(Applications!A15,"00000") -> 14569 | B15: =TEXT(Applications!B15,"0000") -> 0304 | C15: 45411 | D15: Unemployed | E15: =LEFT(Applications!E15,6) -> 183128 | F15: 798 | G15: Yes | H15: {=_xlfn.IFS(OR(Applications!H15=FALSE,Applications!H15=0,LEFT(Applications!H15,1)="N"),"No",OR(Applications!H15=TRUE,Applications!H15=1,LEFT(Applications!H15,1)="Y"),"Yes")} -> No | I15: =PROPER(Applications!I15) -> Denied | J15: 1251 | K15: 2085 | L15: 1 | M15: docs expired
A16: =TEXT(Applications!A16,"00000") -> 14590 | B16: =TEXT(Applications!B16,"0000") -> 0071 | C16: 44625 | D16: Full-Time | E16: =LEFT(Applications!E16,6) -> 135994 | F16: 448 | G16: No | H16: {=_xlfn.IFS(OR(Applications!H16=FALSE,Applications!H16=0,LEFT(Applications!H16,1)="N"),"No",OR(Applications!H16=TRUE,Applications!H16=1,LEFT(Applications!H16,1)="Y"),"Yes")} -> No | I16: =PROPER(Applications!I16) -> Pending | J16: 2827.5 | K16: 3625 | L16: 3 | M16: N/A
A17: =TEXT(Applications!A17,"00000") -> 16578 | B17: =TEXT(Applications!B17,"0000") -> 0941 | C17: 44135 | D17: Full-Time | E17: =LEFT(Applications!E17,6) -> 212683 | F17: 654 | G17: Yes | H17: {=_xlfn.IFS(OR(Applications!H17=FALSE,Applications!H17=0,LEFT(Applications!H17,1)="N"),"No",OR(Applications!H17=TRUE,Applications!H17=1,LEFT(Applications!H17,1)="Y"),"Yes")} -> No | I17: =PROPER(Applications!I17) -> Approved | J17: 2230.02 | K17: 2859 | L17: 3 | M17: n/a
A18: =TEXT(Applications!A18,"00000") -> 17022 | B18: =TEXT(Applications!B18,"0000") -> 1471 | C18: 44026 | D18: Part-Time | E18: =LEFT(Applications!E18,6) -> 75089 | G18: No | H18: {=_xlfn.IFS(OR(Applications!H18=FALSE,Applications!H18=0,LEFT(Applications!H18,1)="N"),"No",OR(Applications!H18=TRUE,Applications!H18=1,LEFT(Applications!H18,1)="Y"),"Yes")} -> No | I18: =PROPER(Applications!I18) -> Approved | J18: 3880.8 | K18: 4620 | L18: 3 | M18: Applicant provided pay stubs.
A19: =TEXT(Applications!A19,"00000") -> 20568 | B19: =TEXT(Applications!B19,"0000") -> 1143 | C19: 13/04/2022 | D19: Retired | E19: =LEFT(Applications!E19,6) -> 242708 | F19: 497 | G19: No | H19: {=_xlfn.IFS(OR(Applications!H19=FALSE,Applications!H19=0,LEFT(Applications!H19,1)="N"),"No",OR(Applications!H19=TRUE,Applications!H19=1,LEFT(Applications!H19,1)="Y"),"Yes")} -> No | I19: =PROPER(Applications!I19) -> Denied | J19: 2398.08 | K19: 2498 | L19: 1 | M19: Missing bank statements.
A20: =TEXT(Applications!A20,"00000") -> 22043 | B20: =TEXT(Applications!B20,"0000") -> 1082 | C20: 44303 | D20: Part-Time | E20: =LEFT(Applications!E20,6) -> 167814 | F20: 722 | G20: No | H20: {=_xlfn.IFS(OR(Applications!H20=FALSE,Applications!H20=0,LEFT(Applications!H20,1)="N"),"No",OR(Applications!H20=TRUE,Applications!H20=1,LEFT(Applications!H20,1)="Y"),"Yes")} -> No | I20: =PROPER(Applications!I20) -> Denied | J20: 913.44 | K20: 1384 | L20: 3 | M20: Flagged for manual review.
A21: =TEXT(Applications!A21,"00000") -> 22113 | B21: =TEXT(Applications!B21,"0000") -> 1614 | C21: 44861 | D21: Full-Time | E21: =LEFT(Applications!E21,6) -> 161093 | F21: 779 | G21: No | H21: {=_xlfn.IFS(OR(Applications!H21=FALSE,Applications!H21=0,LEFT(Applications!H21,1)="N"),"No",OR(Applications!H21=TRUE,Applications!H21=1,LEFT(Applications!H21,1)="Y"),"Yes")} -> Yes | I21: =PROPER(Applications!I21) -> Pending | J21: 6505.8 | K21: 7745 | L21: 1 | M21: Co-signer pending review.
A22: =TEXT(Applications!A22,"00000") -> 22530 | B22: =TEXT(Applications!B22,"0000") -> 0105 | C22: 27/12/2022 | D22: Unemployed | E22: =LEFT(Applications!E22,6) -> 243086 | F22: 811 | G22: No | H22: {=_xlfn.IFS(OR(Applications!H22=FALSE,Applications!H22=0,LEFT(Applications!H22,1)="N"),"No",OR(Applications!H22=TRUE,Applications!H22=1,LEFT(Applications!H22,1)="Y"),"Yes")} -> No | I22: =PROPER(Applications!I22) -> Withdrawn | J22: 4456.92 | K22: 5714 | L22: 1 | M22: N/A
A23: =TEXT(Applications!A23,"00000") -> 22927 | B23: =TEXT(Applications!B23,"0000") -> 0858 | C23: 44391 | D23: Unemployed | E23: =LEFT(Applications!E23,6) -> 6344 | F23: 657 | G23: No | H23: {=_xlfn.IFS(OR(Applications!H23=FALSE,Applications!H23=0,LEFT(Applications!H23,1)="N"),"No",OR(Applications!H23=TRUE,Applications!H23=1,LEFT(Applications!H23,1)="Y"),"Yes")} -> No | I23: =PROPER(Applications!I23) -> Denied | J23: 4003.74 | K23: 5133 | L23: 2 | M23: Missing bank statements.
A24: =TEXT(Applications!A24,"00000") -> 23053 | B24: =TEXT(Applications!B24,"0000") -> 0587 | C24: 45339 | D24: Part-Time | E24: =LEFT(Applications!E24,6) -> 97725 | F24: 447 | G24: No | H24: {=_xlfn.IFS(OR(Applications!H24=FALSE,Applications!H24=0,LEFT(Applications!H24,1)="N"),"No",OR(Applications!H24=TRUE,Applications!H24=1,LEFT(Applications!H24,1)="Y"),"Yes")} -> Yes | I24: =PROPER(Applications!I24) -> Pending | J24: 5443.2 | K24: 5670 | L24: 5 | M24: Co-signer pending review.
A25: =TEXT(Applications!A25,"00000") -> 23531 | B25: =TEXT(Applications!B25,"0000") -> 0623 | D25: Unemployed | E25: =LEFT(Applications!E25,6) -> 59619 | F25: 770 | G25: No | H25: {=_xlfn.IFS(OR(Applications!H25=FALSE,Applications!H25=0,LEFT(Applications!H25,1)="N"),"No",OR(Applications!H25=TRUE,Applications!H25=1,LEFT(Applications!H25,1)="Y"),"Yes")} -> No | I25: =PROPER(Applications!I25) -> Approved | J25: 7350.72 | K25: 7657 | L25: 2 | M25: Applicant follow-up needed
A26: =TEXT(Applications!A26,"00000") -> 25929 | B26: =TEXT(Applications!B26,"0000") -> 1112 | C26: 45657 | D26: Student | E26: =LEFT(Applications!E26,6) -> 18094 | G26: No | H26: {=_xlfn.IFS(OR(Applications!H26=FALSE,Applications!H26=0,LEFT(Applications!H26,1)="N"),"No",OR(Applications!H26=TRUE,Applications!H26=1,LEFT(Applications!H26,1)="Y"),"Yes")} -> No | I26: =PROPER(Applications!I26) -> Pending | J26: 1285.68 | K26: 1948 | L26: 3 | M26: Renewal case.
A27: =TEXT(Applications!A27,"00000") -> 27031 | B27: =TEXT(Applications!B27,"0000") -> 1424 | C27: 45094 | D27: Student | E27: =LEFT(Applications!E27,6) -> 117184 | F27: 842 | G27: Yes | H27: {=_xlfn.IFS(OR(Applications!H27=FALSE,Applications!H27=0,LEFT(Applications!H27,1)="N"),"No",OR(Applications!H27=TRUE,Applications!H27=1,LEFT(Applications!H27,1)="Y"),"Yes")} -> No | I27: =PROPER(Applications!I27) -> Pending | J27: 1940.64 | K27: 2488 | L27: 5 | M27: N/A
A28: =TEXT(Applications!A28,"00000") -> 28523 | B28: =TEXT(Applications!B28,"0000") -> 0863 | D28: Contract | E28: =LEFT(Applications!E28,6) -> 129953 | F28: 729 | G28: No | H28: {=_xlfn.IFS(OR(Applications!H28=FALSE,Applications!H28=0,LEFT(Applications!H28,1)="N"),"No",OR(Applications!H28=TRUE,Applications!H28=1,LEFT(Applications!H28,1)="Y"),"Yes")} -> No | I28: =PROPER(Applications!I28) -> Approved | J28: 828.96 | K28: 1256 | L28: 2
A29: =TEXT(Applications!A29,"00000") -> 29155 | B29: =TEXT(Applications!B29,"0000") -> 0117 | C29: 44535 | D29: Student | E29: =LEFT(Applications!E29,6) -> 67801 | F29: 726 | G29: No | H29: {=_xlfn.IFS(OR(Applications!H29=FALSE,Applications!H29=0,LEFT(Applications!H29,1)="N"),"No",OR(Applications!H29=TRUE,Applications!H29=1,LEFT(Applications!H29,1)="Y"),"Yes")} -> Yes | I29: =PROPER(Applications!I29) -> Denied | J29: 1776.06 | K29: 2691 | L29: 5 | M29: Flagged for manual review.
A30: =TEXT(Applications!A30,"00000") -> 29469 | B30: =TEXT(Applications!B30,"0000") -> 1502 | C30: 43926 | D30: Retired | E30: =LEFT(Applications!E30,6) -> 205970 | F30: 717 | G30: No | H30: {=_xlfn.IFS(OR(Applications!H30=FALSE,Applications!H30=0,LEFT(Applications!H30,1)="N"),"No",OR(Applications!H30=TRUE,Applications!H30=1,LEFT(Applications!H30,1)="Y"),"Yes")} -> No | I30: =PROPER(Applications!I30) -> Approved | J30: 1761 | K30: 2935 | L30: 1 | M30: N/A
A31: =TEXT(Applications!A31,"00000") -> 31153 | B31: =TEXT(Applications!B31,"0000") -> 1426 | C31: 45271 | D31: Retired | E31: =LEFT(Applications!E31,6) -> 239937 | F31: 552 | G31: No | H31: {=_xlfn.IFS(OR(Applications!H31=FALSE,Applications!H31=0,LEFT(Applications!H31,1)="N"),"No",OR(Applications!H31=TRUE,Applications!H31=1,LEFT(Applications!H31,1)="Y"),"Yes")} -> No | I31: =PROPER(Applications!I31) -> Approved | J31: 6846.72 | K31: 7132 | L31: 5 | M31: Missing bank statements.
A32: =TEXT(Applications!A32,"00000") -> 32569 | B32: =TEXT(Applications!B32,"0000") -> 0960 | C32: 26/06/2021 | D32: Unemployed | E32: =LEFT(Applications!E32,6) -> 135402 | F32: 659 | G32: No | H32: {=_xlfn.IFS(OR(Applications!H32=FALSE,Applications!H32=0,LEFT(Applications!H32,1)="N"),"No",OR(Applications!H32=TRUE,Applications!H32=1,LEFT(Applications!H32,1)="Y"),"Yes")} -> No | I32: =PROPER(Applications!I32) -> Denied | J32: 1281.06 | K32: 1941 | L32: 2
A33: =TEXT(Applications!A33,"00000") -> 33505 | B33: =TEXT(Applications!B33,"0000") -> 1374 | C33: 44776 | D33: Student | E33: =LEFT(Applications!E33,6) -> 123900 | F33: 718 | G33: Yes | H33: {=_xlfn.IFS(OR(Applications!H33=FALSE,Applications!H33=0,LEFT(Applications!H33,1)="N"),"No",OR(Applications!H33=TRUE,Applications!H33=1,LEFT(Applications!H33,1)="Y"),"Yes")} -> No | I33: =PROPER(Applications!I33) -> Denied | J33: 2250.6 | K33: 3751 | L33: 5 | M33: Renewal case.
A34: =TEXT(Applications!A34,"00000") -> 39831 | B34: =TEXT(Applications!B34,"0000") -> 0786 | C34: 45412 | D34: Part-Time | E34: =LEFT(Applications!E34,6) -> 182546 | G34: No | H34: {=_xlfn.IFS(OR(Applications!H34=FALSE,Applications!H34=0,LEFT(Applications!H34,1)="N"),"No",OR(Applications!H34=TRUE,Applications!H34=1,LEFT(Applications!H34,1)="Y"),"Yes")} -> No | I34: =PROPER(Applications!I34) -> Withdrawn | J34: 1992.48 | K34: 2372 | L34: 4 | M34: n/a
A35: =TEXT(Applications!A35,"00000") -> 40594 | B35: =TEXT(Applications!B35,"0000") -> 1486 | C35: 44747 | D35: Part-Time | E35: =LEFT(Applications!E35,6) -> 196804 | F35: 831 | G35: No | H35: {=_xlfn.IFS(OR(Applications!H35=FALSE,Applications!H35=0,LEFT(Applications!H35,1)="N"),"No",OR(Applications!H35=TRUE,Applications!H35=1,LEFT(Applications!H35,1)="Y"),"Yes")} -> No | I35: =PROPER(Applications!I35) -> Pending | J35: 3932.16 | K35: 4096 | L35: 2 | M35: Co-signer pending review.
A36: =TEXT(Applications!A36,"00000") -> 40885 | B36: =TEXT(Applications!B36,"0000") -> 0542 | C36: 45612 | D36: Retired | E36: =LEFT(Applications!E36,6) -> 79240 | F36: 730 | G36: Yes | H36: {=_xlfn.IFS(OR(Applications!H36=FALSE,Applications!H36=0,LEFT(Applications!H36,1)="N"),"No",OR(Applications!H36=TRUE,Applications!H36=1,LEFT(Applications!H36,1)="Y"),"Yes")} -> Yes | I36: =PROPER(Applications!I36) -> Pending | J36: 1566.6 | K36: 1865 | L36: 3 | M36: Missing bank statements.
A37: =TEXT(Applications!A37,"00000") -> 42664 | B37: =TEXT(Applications!B37,"0000") -> 0690 | C37: 44177 | D37: Unemployed | E37: =LEFT(Applications!E37,6) -> 73906 | F37: 632 | G37: No | H37: {=_xlfn.IFS(OR(Applications!H37=FALSE,Applications!H37=0,LEFT(Applications!H37,1)="N"),"No",OR(Applications!H37=TRUE,Applications!H37=1,LEFT(Applications!H37,1)="Y"),"Yes")} -> No | I37: =PROPER(Applications!I37) -> Withdrawn | J37: 1048.32 | K37: 1344 | L37: 2 | M37: Missing bank statements.
A38: =TEXT(Applications!A38,"00000") -> 42801 | B38: =TEXT(Applications!B38,"0000") -> 1301 | C38: 44733 | D38: Student | E38: =LEFT(Applications!E38,6) -> 88287 | F38: 587 | G38: No | H38: {=_xlfn.IFS(OR(Applications!H38=FALSE,Applications!H38=0,LEFT(Applications!H38,1)="N"),"No",OR(Applications!H38=TRUE,Applications!H38=1,LEFT(Applications!H38,1)="Y"),"Yes")} -> Yes | I38: =PROPER(Applications!I38) -> Denied | J38: 1393.92 | K38: 2112 | L38: 5
A39: =TEXT(Applications!A39,"00000") -> 42852 | B39: =TEXT(Applications!B39,"0000") -> 0635 | C39: 45116 | D39: Student | E39: =LEFT(Applications!E39,6) -> 184446 | F39: 679 | G39: No | H39: {=_xlfn.IFS(OR(Applications!H39=FALSE,Applications!H39=0,LEFT(Applications!H39,1)="N"),"No",OR(Applications!H39=TRUE,Applications!H39=1,LEFT(Applications!H39,1)="Y"),"Yes")} -> No | I39: =PROPER(Applications!I39) -> Approved | J39: 4816.32 | K39: 5017 | L39: 2 | M39: .
A40: =TEXT(Applications!A40,"00000") -> 45209 | B40: =TEXT(Applications!B40,"0000") -> 1679 | C40: 43941 | D40: Student | E40: =LEFT(Applications!E40,6) -> 155017 | F40: 628 | G40: Yes | H40: {=_xlfn.IFS(OR(Applications!H40=FALSE,Applications!H40=0,LEFT(Applications!H40,1)="N"),"No",OR(Applications!H40=TRUE,Applications!H40=1,LEFT(Applications!H40,1)="Y"),"Yes")} -> No | I40: =PROPER(Applications!I40) -> Withdrawn | J40: 3724.56 | K40: 4434 | L40: 4
A41: =TEXT(Applications!A41,"00000") -> 45214 | B41: =TEXT(Applications!B41,"0000") -> 0745 | C41: 44834 | D41: Unemployed | E41: =LEFT(Applications!E41,6) -> 184947 | F41: 773 | G41: No | H41: {=_xlfn.IFS(OR(Applications!H41=FALSE,Applications!H41=0,LEFT(Applications!H41,1)="N"),"No",OR(Applications!H41=TRUE,Applications!H41=1,LEFT(Applications!H41,1)="Y"),"Yes")} -> Yes | I41: =PROPER(Applications!I41) -> Approved | J41: 3454.44 | K41: 5234 | L41: 3 | M41: Referred by agent.
A42: =TEXT(Applications!A42,"00000") -> 47538 | B42: =TEXT(Applications!B42,"0000") -> 0138 | C42: 44015 | D42: Student | E42: =LEFT(Applications!E42,6) -> 222971 | F42: 759 | G42: No | H42: {=_xlfn.IFS(OR(Applications!H42=FALSE,Applications!H42=0,LEFT(Applications!H42,1)="N"),"No",OR(Applications!H42=TRUE,Applications!H42=1,LEFT(Applications!H42,1)="Y"),"Yes")} -> No | I42: =PROPER(Applications!I42) -> Approved | J42: 2119.68 | K42: 2208 | L42: 2 | M42: Applicant provided pay stubs.
A43: =TEXT(Applications!A43,"00000") -> 48883 | B43: =TEXT(Applications!B43,"0000") -> 0151 | C43: 44027 | D43: Full-Time | E43: =LEFT(Applications!E43,6) -> 196831 | F43: 840 | G43: No | H43: {=_xlfn.IFS(OR(Applications!H43=FALSE,Applications!H43=0,LEFT(Applications!H43,1)="N"),"No",OR(Applications!H43=TRUE,Applications!H43=1,LEFT(Applications!H43,1)="Y"),"Yes")} -> No | I43: =PROPER(Applications!I43) -> Approved | J43: 2521.86 | K43: 0 | L43: 3 | M43: Applicant provided pay stubs.
A44: =TEXT(Applications!A44,"00000") -> 49499 | B44: =TEXT(Applications!B44,"0000") -> 0431 | C44: 45233 | D44: Self-Employed | E44: =LEFT(Applications!E44,6) -> 88403 | F44: 358 | G44: No | H44: {=_xlfn.IFS(OR(Applications!H44=FALSE,Applications!H44=0,LEFT(Applications!H44,1)="N"),"No",OR(Applications!H44=TRUE,Applications!H44=1,LEFT(Applications!H44,1)="Y"),"Yes")} -> No | I44: =PROPER(Applications!I44) -> Approved | J44: 2804.1 | K44: 3595 | L44: 1 | M44: Applicant follow-up needed
A45: =TEXT(Applications!A45,"00000") -> 50504 | B45: =TEXT(Applications!B45,"0000") -> 0478 | C45: 45574 | D45: Contract | E45: =LEFT(Applications!E45,6) -> 48496 | F45: N/A | G45: No | H45: {=_xlfn.IFS(OR(Applications!H45=FALSE,Applications!H45=0,LEFT(Applications!H45,1)="N"),"No",OR(Applications!H45=TRUE,Applications!H45=1,LEFT(Applications!H45,1)="Y"),"Yes")} -> Yes | I45: =PROPER(Applications!I45) -> Under Review | J45: 2903.04 | K45: 3024 | L45: 1
A46: =TEXT(Applications!A46,"00000") -> 50983 | B46: =TEXT(Applications!B46,"0000") -> 1624 | C46: 45425 | D46: Self-Employed | E46: =LEFT(Applications!E46,6) -> 69518 | F46: 584 | G46: No | H46: {=_xlfn.IFS(OR(Applications!H46=FALSE,Applications!H46=0,LEFT(Applications!H46,1)="N"),"No",OR(Applications!H46=TRUE,Applications!H46=1,LEFT(Applications!H46,1)="Y"),"Yes")} -> No | I46: =PROPER(Applications!I46) -> Approved | J46: 2680.26 | K46: 4061 | L46: 3 | M46: n/a
A47: =TEXT(Applications!A47,"00000") -> 53482 | B47: =TEXT(Applications!B47,"0000") -> 1052 | C47: 43938 | D47: Full-Time | E47: =LEFT(Applications!E47,6) -> 161542 | F47: 633 | G47: Yes | H47: {=_xlfn.IFS(OR(Applications!H47=FALSE,Applications!H47=0,LEFT(Applications!H47,1)="N"),"No",OR(Applications!H47=TRUE,Applications!H47=1,LEFT(Applications!H47,1)="Y"),"Yes")} -> No | I47: =PROPER(Applications!I47) -> Approved | J47: 2710.5 | K47: 0 | L47: 3 | M47: N/A
A48: =TEXT(Applications!A48,"00000") -> 56224 | B48: =TEXT(Applications!B48,"0000") -> 1335 | C48: 45087 | D48: Student | E48: =LEFT(Applications!E48,6) -> 155101 | F48: 685 | G48: No | H48: {=_xlfn.IFS(OR(Applications!H48=FALSE,Applications!H48=0,LEFT(Applications!H48,1)="N"),"No",OR(Applications!H48=TRUE,Applications!H48=1,LEFT(Applications!H48,1)="Y"),"Yes")} -> No | I48: =PROPER(Applications!I48) -> Pending | J48: 6277.32 | K48: 7473 | L48: 5 | M48: Applicant follow-up needed
A49: =TEXT(Applications!A49,"00000") -> 58428 | B49: =TEXT(Applications!B49,"0000") -> 0177 | C49: 45055 | D49: Retired | E49: =LEFT(Applications!E49,6) -> 220104 | F49: 779 | G49: No | H49: {=_xlfn.IFS(OR(Applications!H49=FALSE,Applications!H49=0,LEFT(Applications!H49,1)="N"),"No",OR(Applications!H49=TRUE,Applications!H49=1,LEFT(Applications!H49,1)="Y"),"Yes")} -> No | I49: =PROPER(Applications!I49) -> Withdrawn | J49: 1509.12 | K49: 1572 | L49: 1
A50: =TEXT(Applications!A50,"00000") -> 58625 | B50: =TEXT(Applications!B50,"0000") -> 0835 | C50: 44737 | D50: Part-Time | E50: =LEFT(Applications!E50,6) -> 128630 | F50: 591 | G50: No | H50: {=_xlfn.IFS(OR(Applications!H50=FALSE,Applications!H50=0,LEFT(Applications!H50,1)="N"),"No",OR(Applications!H50=TRUE,Applications!H50=1,LEFT(Applications!H50,1)="Y"),"Yes")} -> Yes | I50: =PROPER(Applications!I50) -> Denied | J50: 2509.08 | K50: 2987 | L50: 2 | M50: .
A51: =TEXT(Applications!A51,"00000") -> 60529 | B51: =TEXT(Applications!B51,"0000") -> 1755 | C51: 44961 | D51: Part-Time | E51: =LEFT(Applications!E51,6) -> 41338 | F51: 834 | G51: Yes | H51: {=_xlfn.IFS(OR(Applications!H51=FALSE,Applications!H51=0,LEFT(Applications!H51,1)="N"),"No",OR(Applications!H51=TRUE,Applications!H51=1,LEFT(Applications!H51,1)="Y"),"Yes")} -> No | I51: =PROPER(Applications!I51) -> Approved | J51: 1681.2 | K51: 2802 | L51: 5
A52: =TEXT(Applications!A52,"00000") -> 64113 | B52: =TEXT(Applications!B52,"0000") -> 0317 | C52: 44887 | D52: Self-Employed | E52: =LEFT(Applications!E52,6) -> 62462 | F52: 693 | G52: No | H52: {=_xlfn.IFS(OR(Applications!H52=FALSE,Applications!H52=0,LEFT(Applications!H52,1)="N"),"No",OR(Applications!H52=TRUE,Applications!H52=1,LEFT(Applications!H52,1)="Y"),"Yes")} -> Yes | I52: =PROPER(Applications!I52) -> Denied | J52: 2854.08 | K52: 2973 | L52: 1
A53: =TEXT(Applications!A53,"00000") -> 65031 | B53: =TEXT(Applications!B53,"0000") -> 0566 | C53: 28/08/2021 | D53: Unemployed | E53: =LEFT(Applications!E53,6) -> 115814 | F53: 654 | G53: No | H53: {=_xlfn.IFS(OR(Applications!H53=FALSE,Applications!H53=0,LEFT(Applications!H53,1)="N"),"No",OR(Applications!H53=TRUE,Applications!H53=1,LEFT(Applications!H53,1)="Y"),"Yes")} -> No | I53: =PROPER(Applications!I53) -> Approved | J53: 1177.8 | K53: 1510 | L53: 2 | M53: n/a
A54: =TEXT(Applications!A54,"00000") -> 66941 | B54: =TEXT(Applications!B54,"0000") -> 0395 | C54: 44431 | D54: Contract | E54: =LEFT(Applications!E54,6) -> 190401 | F54: 733 | G54: No | H54: {=_xlfn.IFS(OR(Applications!H54=FALSE,Applications!H54=0,LEFT(Applications!H54,1)="N"),"No",OR(Applications!H54=TRUE,Applications!H54=1,LEFT(Applications!H54,1)="Y"),"Yes")} -> Yes | I54: =PROPER(Applications!I54) -> Denied | J54: 2486.4 | K54: 4144 | L54: 5 | M54: Flagged for manual review.
A55: =TEXT(Applications!A55,"00000") -> 68766 | B55: =TEXT(Applications!B55,"0000") -> 1461 | C55: 44710 | D55: Retired | E55: =LEFT(Applications!E55,6) -> 41771 | F55: 705 | G55: Yes | H55: {=_xlfn.IFS(OR(Applications!H55=FALSE,Applications!H55=0,LEFT(Applications!H55,1)="N"),"No",OR(Applications!H55=TRUE,Applications!H55=1,LEFT(Applications!H55,1)="Y"),"Yes")} -> No | I55: =PROPER(Applications!I55) -> Approved | J55: 3621.12 | K55: 3772 | L55: 1 | M55: Applicant provided pay stubs.
A56: =TEXT(Applications!A56,"00000") -> 70981 | B56: =TEXT(Applications!B56,"0000") -> 0212 | C56: 45130 | D56: Retired | E56: =LEFT(Applications!E56,6) -> 269787 | F56: 617 | G56: No | H56: {=_xlfn.IFS(OR(Applications!H56=FALSE,Applications!H56=0,LEFT(Applications!H56,1)="N"),"No",OR(Applications!H56=TRUE,Applications!H56=1,LEFT(Applications!H56,1)="Y"),"Yes")} -> Yes | I56: =PROPER(Applications!I56) -> Under Review | J56: 1713.6 | K56: 1785 | L56: 4
A57: =TEXT(Applications!A57,"00000") -> 71141 | B57: =TEXT(Applications!B57,"0000") -> 1637 | C57: 44079 | D57: Unemployed | E57: =LEFT(Applications!E57,6) -> 242263 | F57: 693 | G57: Yes | H57: {=_xlfn.IFS(OR(Applications!H57=FALSE,Applications!H57=0,LEFT(Applications!H57,1)="N"),"No",OR(Applications!H57=TRUE,Applications!H57=1,LEFT(Applications!H57,1)="Y"),"Yes")} -> No | I57: =PROPER(Applications!I57) -> Approved | J57: 2810.4 | K57: 4684 | L57: 1
A58: =TEXT(Applications!A58,"00000") -> 71283 | B58: =TEXT(Applications!B58,"0000") -> 0571 | C58: 13/08/2022 | D58: Retired | E58: =LEFT(Applications!E58,6) -> 31211 | F58: 725 | G58: No | H58: {=_xlfn.IFS(OR(Applications!H58=FALSE,Applications!H58=0,LEFT(Applications!H58,1)="N"),"No",OR(Applications!H58=TRUE,Applications!H58=1,LEFT(Applications!H58,1)="Y"),"Yes")} -> No | I58: =PROPER(Applications!I58) -> Denied | J58: 1703.46 | K58: 2581 | L58: 2
A59: =TEXT(Applications!A59,"00000") -> 71327 | B59: =TEXT(Applications!B59,"0000") -> 1218 | C59: 43882 | D59: Contract | E59: =LEFT(Applications!E59,6) -> 229294 | F59: 782 | G59: No | H59: {=_xlfn.IFS(OR(Applications!H59=FALSE,Applications!H59=0,LEFT(Applications!H59,1)="N"),"No",OR(Applications!H59=TRUE,Applications!H59=1,LEFT(Applications!H59,1)="Y"),"Yes")} -> No | I59: =PROPER(Applications!I59) -> Approved | J59: 4985.64 | K59: 7554 | L59: 4 | M59: .
A60: =TEXT(Applications!A60,"00000") -> 71917 | B60: =TEXT(Applications!B60,"0000") -> 1380 | C60: 45161 | D60: Self-Employed | E60: =LEFT(Applications!E60,6) -> 169250 | F60: 808 | G60: No | H60: {=_xlfn.IFS(OR(Applications!H60=FALSE,Applications!H60=0,LEFT(Applications!H60,1)="N"),"No",OR(Applications!H60=TRUE,Applications!H60=1,LEFT(Applications!H60,1)="Y"),"Yes")} -> Yes | I60: =PROPER(Applications!I60) -> Approved | J60: 8010.24 | K60: 8344 | L60: 1
A61: =TEXT(Applications!A61,"00000") -> 71995 | B61: =TEXT(Applications!B61,"0000") -> 0478 | C61: 44487 | D61: Self-Employed | E61: =LEFT(Applications!E61,6) -> 249012 | F61: 611 | G61: No | H61: {=_xlfn.IFS(OR(Applications!H61=FALSE,Applications!H61=0,LEFT(Applications!H61,1)="N"),"No",OR(Applications!H61=TRUE,Applications!H61=1,LEFT(Applications!H61,1)="Y"),"Yes")} -> No | I61: =PROPER(Applications!I61) -> Approved | J61: 1814.4 | K61: 3024 | L61: 4 | M61: N/A
A62: =TEXT(Applications!A62,"00000") -> 72021 | B62: =TEXT(Applications!B62,"0000") -> 0122 | C62: 45225 | D62: Student | E62: =LEFT(Applications!E62,6) -> 66703 | F62: 662 | G62: No | H62: {=_xlfn.IFS(OR(Applications!H62=FALSE,Applications!H62=0,LEFT(Applications!H62,1)="N"),"No",OR(Applications!H62=TRUE,Applications!H62=1,LEFT(Applications!H62,1)="Y"),"Yes")} -> Yes | I62: =PROPER(Applications!I62) -> Approved | J62: 1247.4 | K62: 1485 | L62: 2 | M62: Referred by agent.
A63: =TEXT(Applications!A63,"00000") -> 72452 | B63: =TEXT(Applications!B63,"0000") -> 0843 | C63: 44428 | D63: Full-Time | E63: =LEFT(Applications!E63,6) -> 96593 | F63: 697 | G63: Yes | H63: {=_xlfn.IFS(OR(Applications!H63=FALSE,Applications!H63=0,LEFT(Applications!H63,1)="N"),"No",OR(Applications!H63=TRUE,Applications!H63=1,LEFT(Applications!H63,1)="Y"),"Yes")} -> Yes | I63: =PROPER(Applications!I63) -> Withdrawn | J63: 1117.74 | K63: 1433 | L63: 5 | M63: N/A
A64: =TEXT(Applications!A64,"00000") -> 77457 | B64: =TEXT(Applications!B64,"0000") -> 1135 | C64: 43834 | D64: Retired | E64: =LEFT(Applications!E64,6) -> 158915 | F64: 696 | G64: No | H64: {=_xlfn.IFS(OR(Applications!H64=FALSE,Applications!H64=0,LEFT(Applications!H64,1)="N"),"No",OR(Applications!H64=TRUE,Applications!H64=1,LEFT(Applications!H64,1)="Y"),"Yes")} -> No | I64: =PROPER(Applications!I64) -> Approved | J64: 2251.2 | K64: 2680 | L64: 5
A65: =TEXT(Applications!A65,"00000") -> 77536 | B65: =TEXT(Applications!B65,"0000") -> 1622 | C65: 45318 | D65: Retired | E65: =LEFT(Applications!E65,6) -> 98912 | F65: 478 | G65: No | H65: {=_xlfn.IFS(OR(Applications!H65=FALSE,Applications!H65=0,LEFT(Applications!H65,1)="N"),"No",OR(Applications!H65=TRUE,Applications!H65=1,LEFT(Applications!H65,1)="Y"),"Yes")} -> Yes | I65: =PROPER(Applications!I65) -> Approved | J65: 1770.78 | K65: 2683 | L65: 3 | M65: Applicant provided pay stubs.
A66: =TEXT(Applications!A66,"00000") -> 77608 | B66: =TEXT(Applications!B66,"0000") -> 0938 | C66: 44871 | D66: Retired | E66: =LEFT(Applications!E66,6) -> 157949 | F66: 788 | G66: No | H66: {=_xlfn.IFS(OR(Applications!H66=FALSE,Applications!H66=0,LEFT(Applications!H66,1)="N"),"No",OR(Applications!H66=TRUE,Applications!H66=1,LEFT(Applications!H66,1)="Y"),"Yes")} -> Yes | I66: =PROPER(Applications!I66) -> Approved | J66: 3348 | K66: 5580 | L66: 2 | M66: Renewal case.
A67: =TEXT(Applications!A67,"00000") -> 78835 | B67: =TEXT(Applications!B67,"0000") -> 0135 | C67: 44748 | D67: Part-Time | E67: =LEFT(Applications!E67,6) -> 38929 | F67: 731 | G67: Yes | H67: {=_xlfn.IFS(OR(Applications!H67=FALSE,Applications!H67=0,LEFT(Applications!H67,1)="N"),"No",OR(Applications!H67=TRUE,Applications!H67=1,LEFT(Applications!H67,1)="Y"),"Yes")} -> Yes | I67: =PROPER(Applications!I67) -> Withdrawn | J67: 1298.64 | K67: 1546 | L67: 2 | M67: Missing bank statements.
A68: =TEXT(Applications!A68,"00000") -> 78900 | B68: =TEXT(Applications!B68,"0000") -> 1277 | C68: 44572 | D68: Part-Time | E68: =LEFT(Applications!E68,6) -> 132759 | F68: 624 | G68: No | H68: {=_xlfn.IFS(OR(Applications!H68=FALSE,Applications!H68=0,LEFT(Applications!H68,1)="N"),"No",OR(Applications!H68=TRUE,Applications!H68=1,LEFT(Applications!H68,1)="Y"),"Yes")} -> No | I68: =PROPER(Applications!I68) -> Pending | J68: 1163.52 | K68: 1212 | L68: 3
A69: =TEXT(Applications!A69,"00000") -> 79698 | B69: =TEXT(Applications!B69,"0000") -> 1626 | D69: Part-Time | E69: =LEFT(Applications!E69,6) -> 129683 | F69: 808 | G69: Yes | H69: {=_xlfn.IFS(OR(Applications!H69=FALSE,Applications!H69=0,LEFT(Applications!H69,1)="N"),"No",OR(Applications!H69=TRUE,Applications!H69=1,LEFT(Applications!H69,1)="Y"),"Yes")} -> Yes | I69: =PROPER(Applications!I69) -> Approved | J69: 3760.68 | K69: 4477 | L69: 3 | M69: Co-signer pending review.
A70: =TEXT(Applications!A70,"00000") -> 80054 | B70: =TEXT(Applications!B70,"0000") -> 1108 | C70: 44928 | D70: Retired | E70: =LEFT(Applications!E70,6) -> 67982 | F70: 630 | G70: No | H70: {=_xlfn.IFS(OR(Applications!H70=FALSE,Applications!H70=0,LEFT(Applications!H70,1)="N"),"No",OR(Applications!H70=TRUE,Applications!H70=1,LEFT(Applications!H70,1)="Y"),"Yes")} -> No | I70: =PROPER(Applications!I70) -> Approved | J70: 1906.8 | K70: 2270 | L70: 5 | M70: Renewal case.
A71: =TEXT(Applications!A71,"00000") -> 84952 | B71: =TEXT(Applications!B71,"0000") -> 0183 | C71: 45551 | D71: Full-Time | E71: =LEFT(Applications!E71,6) -> 126775 | F71: 732 | G71: No | H71: {=_xlfn.IFS(OR(Applications!H71=FALSE,Applications!H71=0,LEFT(Applications!H71,1)="N"),"No",OR(Applications!H71=TRUE,Applications!H71=1,LEFT(Applications!H71,1)="Y"),"Yes")} -> No | I71: =PROPER(Applications!I71) -> Pending | J71: 6460.44 | K71: 7691 | L71: 2 | M71: income verified via Plaid
A72: =TEXT(Applications!A72,"00000") -> 85446 | B72: =TEXT(Applications!B72,"0000") -> 1300 | C72: 45272 | D72: Unemployed | E72: =LEFT(Applications!E72,6) -> 225455 | F72: 646 | G72: No | H72: {=_xlfn.IFS(OR(Applications!H72=FALSE,Applications!H72=0,LEFT(Applications!H72,1)="N"),"No",OR(Applications!H72=TRUE,Applications!H72=1,LEFT(Applications!H72,1)="Y"),"Yes")} -> Yes | I72: =PROPER(Applications!I72) -> Under Review | J72: 3037.44 | K72: 3616 | L72: 5 | M72: Flagged for manual review.
A73: =TEXT(Applications!A73,"00000") -> 85917 | B73: =TEXT(Applications!B73,"0000") -> 1054 | C73: 18/04/2023 | D73: Student | E73: =LEFT(Applications!E73,6) -> 88348 | F73: 656 | G73: No | H73: {=_xlfn.IFS(OR(Applications!H73=FALSE,Applications!H73=0,LEFT(Applications!H73,1)="N"),"No",OR(Applications!H73=TRUE,Applications!H73=1,LEFT(Applications!H73,1)="Y"),"Yes")} -> No | I73: =PROPER(Applications!I73) -> Pending | J73: 2042.88 | K73: 2128 | L73: 5 | M73: Referred by agent.
A74: =TEXT(Applications!A74,"00000") -> 86395 | B74: =TEXT(Applications!B74,"0000") -> 0805 | C74: 44855 | D74: Full-Time | E74: =LEFT(Applications!E74,6) -> 179372 | F74: 367 | G74: No | H74: {=_xlfn.IFS(OR(Applications!H74=FALSE,Applications!H74=0,LEFT(Applications!H74,1)="N"),"No",OR(Applications!H74=TRUE,Applications!H74=1,LEFT(Applications!H74,1)="Y"),"Yes")} -> Yes | I74: =PROPER(Applications!I74) -> Approved | J74: 1257.3 | K74: 1905 | L74: 4 | M74: n/a
A75: =TEXT(Applications!A75,"00000") -> 86589 | B75: =TEXT(Applications!B75,"0000") -> 0384 | C75: 44414 | D75: Student | E75: =LEFT(Applications!E75,6) -> 31675 | F75: 760 | G75: Yes | H75: {=_xlfn.IFS(OR(Applications!H75=FALSE,Applications!H75=0,LEFT(Applications!H75,1)="N"),"No",OR(Applications!H75=TRUE,Applications!H75=1,LEFT(Applications!H75,1)="Y"),"Yes")} -> Yes | I75: =PROPER(Applications!I75) -> Pending | J75: 4969.38 | K75: 6371 | L75: 5 | M75: .
A76: =TEXT(Applications!A76,"00000") -> 88929 | B76: =TEXT(Applications!B76,"0000") -> 1531 | C76: 43869 | D76: Full-Time | E76: =LEFT(Applications!E76,6) -> 208788 | F76: 618 | G76: No | H76: {=_xlfn.IFS(OR(Applications!H76=FALSE,Applications!H76=0,LEFT(Applications!H76,1)="N"),"No",OR(Applications!H76=TRUE,Applications!H76=1,LEFT(Applications!H76,1)="Y"),"Yes")} -> Yes | I76: =PROPER(Applications!I76) -> Approved | J76: 1610.7 | K76: 2065 | L76: 2 | M76: n/a
A77: =TEXT(Applications!A77,"00000") -> 89319 | B77: =TEXT(Applications!B77,"0000") -> 0329 | C77: 44738 | D77: Contract | E77: =LEFT(Applications!E77,6) -> 153876 | F77: 733 | G77: Yes | H77: {=_xlfn.IFS(OR(Applications!H77=FALSE,Applications!H77=0,LEFT(Applications!H77,1)="N"),"No",OR(Applications!H77=TRUE,Applications!H77=1,LEFT(Applications!H77,1)="Y"),"Yes")} -> No | I77: =PROPER(Applications!I77) -> Approved | J77: 1874.4 | K77: 2840 | L77: 3 | M77: docs expired
A78: =TEXT(Applications!A78,"00000") -> 91589 | B78: =TEXT(Applications!B78,"0000") -> 1600 | C78: 44541 | D78: Unemployed | E78: =LEFT(Applications!E78,6) -> 163765 | G78: No | H78: {=_xlfn.IFS(OR(Applications!H78=FALSE,Applications!H78=0,LEFT(Applications!H78,1)="N"),"No",OR(Applications!H78=TRUE,Applications!H78=1,LEFT(Applications!H78,1)="Y"),"Yes")} -> Yes | I78: =PROPER(Applications!I78) -> Pending | J78: 1850.94 | K78: 2373 | L78: 2 | M78: Referred by agent.
A79: =TEXT(Applications!A79,"00000") -> 93901 | B79: =TEXT(Applications!B79,"0000") -> 0506 | C79: 45269 | D79: Part-Time | E79: =LEFT(Applications!E79,6) -> 45964 | F79: 608 | G79: No | H79: {=_xlfn.IFS(OR(Applications!H79=FALSE,Applications!H79=0,LEFT(Applications!H79,1)="N"),"No",OR(Applications!H79=TRUE,Applications!H79=1,LEFT(Applications!H79,1)="Y"),"Yes")} -> No | I79: =PROPER(Applications!I79) -> Approved | J79: 1315.08 | K79: 1686 | L79: 3 | M79: Renewal case.
A80: =TEXT(Applications!A80,"00000") -> 97465 | B80: =TEXT(Applications!B80,"0000") -> 0493 | C80: 44386 | D80: Self-Employed | E80: =LEFT(Applications!E80,6) -> 154533 | F80: 537 | G80: Yes | H80: {=_xlfn.IFS(OR(Applications!H80=FALSE,Applications!H80=0,LEFT(Applications!H80,1)="N"),"No",OR(Applications!H80=TRUE,Applications!H80=1,LEFT(Applications!H80,1)="Y"),"Yes")} -> Yes | I80: =PROPER(Applications!I80) -> Pending | J80: 6987.12 | K80: 8318 | L80: 3
A81: =TEXT(Applications!A81,"00000") -> 98074 | B81: =TEXT(Applications!B81,"0000") -> 0160 | C81: 21/04/2023 | D81: Self-Employed | E81: =LEFT(Applications!E81,6) -> 40504 | F81: 781 | G81: No | H81: {=_xlfn.IFS(OR(Applications!H81=FALSE,Applications!H81=0,LEFT(Applications!H81,1)="N"),"No",OR(Applications!H81=TRUE,Applications!H81=1,LEFT(Applications!H81,1)="Y"),"Yes")} -> No | I81: =PROPER(Applications!I81) -> Denied | J81: 894.6 | K81: 1065 | L81: 3 | M81: Applicant provided pay stubs.
A82: =TEXT(Applications!A82,"00000") -> 98331 | B82: =TEXT(Applications!B82,"0000") -> 0599 | C82: 44700 | D82: Retired | E82: =LEFT(Applications!E82,6) -> 286252 | F82: 672 | G82: No | H82: {=_xlfn.IFS(OR(Applications!H82=FALSE,Applications!H82=0,LEFT(Applications!H82,1)="N"),"No",OR(Applications!H82=TRUE,Applications!H82=1,LEFT(Applications!H82,1)="Y"),"Yes")} -> No | I82: =PROPER(Applications!I82) -> Approved | J82: 923.34 | K82: 1399 | L82: 2 | M82: Referred by agent.
A83: =TEXT(Applications!A83,"00000") -> 98763 | B83: =TEXT(Applications!B83,"0000") -> 1094 | C83: 44065 | D83: Part-Time | E83: =LEFT(Applications!E83,6) -> 85053 | F83: 711 | G83: No | H83: {=_xlfn.IFS(OR(Applications!H83=FALSE,Applications!H83=0,LEFT(Applications!H83,1)="N"),"No",OR(Applications!H83=TRUE,Applications!H83=1,LEFT(Applications!H83,1)="Y"),"Yes")} -> No | I83: =PROPER(Applications!I83) -> Denied | J83: 1433.88 | K83: 1707 | L83: 2 | M83: Applicant provided pay stubs.
A84: =TEXT(Applications!A84,"00000") -> 99221 | B84: =TEXT(Applications!B84,"0000") -> 1237 | C84: 44279 | D84: Full-Time | E84: =LEFT(Applications!E84,6) -> 164591 | F84: 814 | G84: No | H84: {=_xlfn.IFS(OR(Applications!H84=FALSE,Applications!H84=0,LEFT(Applications!H84,1)="N"),"No",OR(Applications!H84=TRUE,Applications!H84=1,LEFT(Applications!H84,1)="Y"),"Yes")} -> No | I84: =PROPER(Applications!I84) -> Approved | J84: 932.88 | K84: 1196 | L84: 4 | M84: N/A
A85: =TEXT(Applications!A85,"00000") -> 99521 | B85: =TEXT(Applications!B85,"0000") -> 1451 | C85: 44414 | D85: Retired | E85: =LEFT(Applications!E85,6) -> 164566 | F85: 681 | G85: No | H85: {=_xlfn.IFS(OR(Applications!H85=FALSE,Applications!H85=0,LEFT(Applications!H85,1)="N"),"No",OR(Applications!H85=TRUE,Applications!H85=1,LEFT(Applications!H85,1)="Y"),"Yes")} -> Yes | I85: =PROPER(Applications!I85) -> Denied | J85: 3500.28 | K85: 4167 | L85: 1 | M85: Applicant provided pay stubs.
A86: =TEXT(Applications!A86,"00000") -> 101283 | B86: =TEXT(Applications!B86,"0000") -> 1067 | C86: 44670 | D86: Contract | E86: =LEFT(Applications!E86,6) -> 123836 | F86: 691 | G86: Yes | H86: {=_xlfn.IFS(OR(Applications!H86=FALSE,Applications!H86=0,LEFT(Applications!H86,1)="N"),"No",OR(Applications!H86=TRUE,Applications!H86=1,LEFT(Applications!H86,1)="Y"),"Yes")} -> Yes | I86: =PROPER(Applications!I86) -> Denied | J86: 1911.36 | K86: 2896 | L86: 3 | M86: n/a
A87: =TEXT(Applications!A87,"00000") -> 102129 | B87: =TEXT(Applications!B87,"0000") -> 0020 | C87: 44899 | D87: Full-Time | E87: =LEFT(Applications!E87,6) -> 39954 | F87: 605 | G87: No | H87: {=_xlfn.IFS(OR(Applications!H87=FALSE,Applications!H87=0,LEFT(Applications!H87,1)="N"),"No",OR(Applications!H87=TRUE,Applications!H87=1,LEFT(Applications!H87,1)="Y"),"Yes")} -> Yes | I87: =PROPER(Applications!I87) -> Denied | J87: 4233.6 | K87: 5040 | L87: 4 | M87: Referred by agent.
A88: =TEXT(Applications!A88,"00000") -> 102888 | B88: =TEXT(Applications!B88,"0000") -> 1448 | C88: 45308 | D88: Self-Employed | E88: =LEFT(Applications!E88,6) -> 21282 | F88: 709 | G88: Yes | H88: {=_xlfn.IFS(OR(Applications!H88=FALSE,Applications!H88=0,LEFT(Applications!H88,1)="N"),"No",OR(Applications!H88=TRUE,Applications!H88=1,LEFT(Applications!H88,1)="Y"),"Yes")} -> No | I88: =PROPER(Applications!I88) -> Denied | J88: 1903.44 | K88: 2884 | L88: 5 | M88: Renewal case.
A89: =TEXT(Applications!A89,"00000") -> 103039 | B89: =TEXT(Applications!B89,"0000") -> 0145 | C89: 44276 | D89: Unemployed | E89: =LEFT(Applications!E89,6) -> 184496 | F89: 830 | G89: Yes | H89: {=_xlfn.IFS(OR(Applications!H89=FALSE,Applications!H89=0,LEFT(Applications!H89,1)="N"),"No",OR(Applications!H89=TRUE,Applications!H89=1,LEFT(Applications!H89,1)="Y"),"Yes")} -> No | I89: =PROPER(Applications!I89) -> Approved | J89: 520.8 | K89: 868 | L89: 4 | M89: .
A90: =TEXT(Applications!A90,"00000") -> 104681 | B90: =TEXT(Applications!B90,"0000") -> 0031 | C90: 44273 | D90: Part-Time | E90: =LEFT(Applications!E90,6) -> 59925 | G90: No | H90: {=_xlfn.IFS(OR(Applications!H90=FALSE,Applications!H90=0,LEFT(Applications!H90,1)="N"),"No",OR(Applications!H90=TRUE,Applications!H90=1,LEFT(Applications!H90,1)="Y"),"Yes")} -> Yes | I90: =PROPER(Applications!I90) -> Under Review | J90: 3008.88 | K90: 3582 | L90: 1 | M90: docs expired
A91: =TEXT(Applications!A91,"00000") -> 108314 | B91: =TEXT(Applications!B91,"0000") -> 1242 | C91: 31/10/2024 | D91: Student | E91: =LEFT(Applications!E91,6) -> 253626 | F91: 825 | G91: No | H91: {=_xlfn.IFS(OR(Applications!H91=FALSE,Applications!H91=0,LEFT(Applications!H91,1)="N"),"No",OR(Applications!H91=TRUE,Applications!H91=1,LEFT(Applications!H91,1)="Y"),"Yes")} -> Yes | I91: =PROPER(Applications!I91) -> Denied | J91: 3026.52 | K91: 3603 | L91: 3 | M91: Missing bank statements.
A92: =TEXT(Applications!A92,"00000") -> 110697 | B92: =TEXT(Applications!B92,"0000") -> 1725 | C92: 44449 | D92: Self-Employed | E92: =LEFT(Applications!E92,6) -> 254073 | F92: 799 | G92: No | H92: {=_xlfn.IFS(OR(Applications!H92=FALSE,Applications!H92=0,LEFT(Applications!H92,1)="N"),"No",OR(Applications!H92=TRUE,Applications!H92=1,LEFT(Applications!H92,1)="Y"),"Yes")} -> Yes | I92: =PROPER(Applications!I92) -> Approved | J92: 8069.76 | K92: 8406 | L92: 3 | M92: Renewal case.
A93: =TEXT(Applications!A93,"00000") -> 111153 | B93: =TEXT(Applications!B93,"0000") -> 0043 | C93: 45509 | D93: Self-Employed | E93: =LEFT(Applications!E93,6) -> 63750 | F93: 609 | G93: No | H93: {=_xlfn.IFS(OR(Applications!H93=FALSE,Applications!H93=0,LEFT(Applications!H93,1)="N"),"No",OR(Applications!H93=TRUE,Applications!H93=1,LEFT(Applications!H93,1)="Y"),"Yes")} -> Yes | I93: =PROPER(Applications!I93) -> Approved | J93: 2569.32 | K93: 3294 | L93: 1 | M93: N/A
A94: =TEXT(Applications!A94,"00000") -> 112052 | B94: =TEXT(Applications!B94,"0000") -> 1495 | C94: 44458 | D94: Self-Employed | E94: =LEFT(Applications!E94,6) -> 87224 | F94: 633 | G94: No | H94: {=_xlfn.IFS(OR(Applications!H94=FALSE,Applications!H94=0,LEFT(Applications!H94,1)="N"),"No",OR(Applications!H94=TRUE,Applications!H94=1,LEFT(Applications!H94,1)="Y"),"Yes")} -> Yes | I94: =PROPER(Applications!I94) -> Approved | J94: 4537.26 | K94: 5817 | L94: 5 | M94: Applicant provided pay stubs.
A95: =TEXT(Applications!A95,"00000") -> 113063 | B95: =TEXT(Applications!B95,"0000") -> 0004 | C95: 22/12/2024 | D95: Self-Employed | E95: =LEFT(Applications!E95,6) -> 51665 | G95: No | H95: {=_xlfn.IFS(OR(Applications!H95=FALSE,Applications!H95=0,LEFT(Applications!H95,1)="N"),"No",OR(Applications!H95=TRUE,Applications!H95=1,LEFT(Applications!H95,1)="Y"),"Yes")} -> No | I95: =PROPER(Applications!I95) -> Under Review | J95: 1454.04 | K95: 1731 | L95: 5 | M95: n/a
A96: =TEXT(Applications!A96,"00000") -> 113191 | B96: =TEXT(Applications!B96,"0000") -> 1565 | C96: 44746 | D96: Retired | E96: =LEFT(Applications!E96,6) -> 197044 | G96: No | H96: {=_xlfn.IFS(OR(Applications!H96=FALSE,Applications!H96=0,LEFT(Applications!H96,1)="N"),"No",OR(Applications!H96=TRUE,Applications!H96=1,LEFT(Applications!H96,1)="Y"),"Yes")} -> No | I96: =PROPER(Applications!I96) -> Approved | J96: 3370.08 | K96: 4012 | L96: 2 | M96: Missing bank statements.
A97: =TEXT(Applications!A97,"00000") -> 113530 | B97: =TEXT(Applications!B97,"0000") -> 1024 | C97: 45625 | D97: Full-Time | E97: =LEFT(Applications!E97,6) -> 222537 | F97: 653 | G97: Yes | H97: {=_xlfn.IFS(OR(Applications!H97=FALSE,Applications!H97=0,LEFT(Applications!H97,1)="N"),"No",OR(Applications!H97=TRUE,Applications!H97=1,LEFT(Applications!H97,1)="Y"),"Yes")} -> No | I97: =PROPER(Applications!I97) -> Approved | J97: 953.04 | K97: 1444 | L97: 2 | M97: Applicant provided pay stubs.
A98: =TEXT(Applications!A98,"00000") -> 113555 | B98: =TEXT(Applications!B98,"0000") -> 0011 | C98: 31/01/2020 | D98: Self-Employed | E98: =LEFT(Applications!E98,6) -> 21950 | F98: 835 | G98: No | H98: {=_xlfn.IFS(OR(Applications!H98=FALSE,Applications!H98=0,LEFT(Applications!H98,1)="N"),"No",OR(Applications!H98=TRUE,Applications!H98=1,LEFT(Applications!H98,1)="Y"),"Yes")} -> Yes | I98: =PROPER(Applications!I98) -> Under Review | J98: 3956.7 | K98: 5995 | L98: 4
A99: =TEXT(Applications!A99,"00000") -> 117487 | B99: =TEXT(Applications!B99,"0000") -> 1229 | C99: 44920 | D99: Retired | E99: =LEFT(Applications!E99,6) -> 234431 | F99: 832 | G99: No | H99: {=_xlfn.IFS(OR(Applications!H99=FALSE,Applications!H99=0,LEFT(Applications!H99,1)="N"),"No",OR(Applications!H99=TRUE,Applications!H99=1,LEFT(Applications!H99,1)="Y"),"Yes")} -> No | I99: =PROPER(Applications!I99) -> Pending | J99: 6237 | K99: 9450 | L99: 2
A100: =TEXT(Applications!A100,"00000") -> 118720 | B100: =TEXT(Applications!B100,"0000") -> 1048 | C100: 44410 | D100: Self-Employed | E100: =LEFT(Applications!E100,6) -> 318849 | F100: 778 | G100: No | H100: {=_xlfn.IFS(OR(Applications!H100=FALSE,Applications!H100=0,LEFT(Applications!H100,1)="N"),"No",OR(Applications!H100=TRUE,Applications!H100=1,LEFT(Applications!H100,1)="Y"),"Yes")} -> No | I100: =PROPER(Applications!I100) -> Denied | J100: 4804.8 | K100: 8008 | L100: 3 | M100: docs expired
...

Sheet Applications (Corrected Dates)
A1: app_id | B1: property_id | C1: app_date | D1: employment_status | E1: income | F1: credit_score | G1: previously_evicted | H1: has_cosigner | I1: approval_status | J1: premium | K1: monthly_rent | L1: tenants | M1: notes
A2: ='Applications (Cleaned)'!A2 -> 00140 | B2: ='Applications (Cleaned)'!B2 -> 0357 | C2: 43996 | D2: Retired | E2: 129141 | G2: No | H2: No | I2: Denied | J2: 5846.4 | K2: 6090 | L2: 3 | M2: Renewal case.
A3: ='Applications (Cleaned)'!A3 -> 00339 | B3: ='Applications (Cleaned)'!B3 -> 1135 | C3: 45346 | D3: Retired | E3: 227525 | G3: No | H3: Yes | I3: Approved | J3: 2572.8 | K3: 2680 | L3: 5
A4: ='Applications (Cleaned)'!A4 -> 00664 | B4: ='Applications (Cleaned)'!B4 -> 0438 | C4: 44617 | D4: Full-Time | E4: 163743 | F4: 745 | G4: No | H4: Yes | I4: Approved | J4: 2805.6 | K4: 3340 | L4: 4 | M4: Applicant provided pay stubs.
A5: ='Applications (Cleaned)'!A5 -> 01365 | B5: ='Applications (Cleaned)'!B5 -> 0557 | C5: 44675 | D5: Contract | E5: 70375 | F5: 687 | G5: No | H5: No | I5: Pending | J5: 2134.2 | K5: 3557 | L5: 4 | M5: Referred by agent.
A6: ='Applications (Cleaned)'!A6 -> 02528 | B6: ='Applications (Cleaned)'!B6 -> 0038 | C6: 44243 | D6: Retired | E6: 142283 | G6: Yes | H6: Yes | I6: Pending | J6: 4979.52 | K6: 5187 | L6: 5 | M6: Referred by agent.
A7: ='Applications (Cleaned)'!A7 -> 05110 | B7: ='Applications (Cleaned)'!B7 -> 0483 | C7: 43918 | D7: Self-Employed | E7: 168958 | F7: 676 | G7: No | H7: No | I7: Approved | J7: 1337.28 | K7: 1592 | L7: 2 | M7: Co-signer pending review.
A8: ='Applications (Cleaned)'!A8 -> 08277 | B8: ='Applications (Cleaned)'!B8 -> 0386 | C8: 45320 | D8: Student | E8: 98060 | F8: 833 | G8: No | H8: Yes | I8: Approved | J8: 1518 | K8: 2300 | L8: 2 | M8: Flagged for manual review.
A9: ='Applications (Cleaned)'!A9 -> 08386 | B9: ='Applications (Cleaned)'!B9 -> 1432 | C9: 44092 | D9: Unemployed | E9: 124900 | F9: 698 | G9: No | H9: No | I9: Under Review | J9: 5827.2 | K9: 6070 | L9: 4 | M9: .
A10: ='Applications (Cleaned)'!A10 -> 09442 | B10: ='Applications (Cleaned)'!B10 -> 1532 | C10: 44990 | D10: Full-Time | E10: 44834 | F10: 656 | G10: No | H10: No | I10: Denied | J10: 2118.48 | K10: 2716 | L10: 4 | M10: docs expired
A11: ='Applications (Cleaned)'!A11 -> 10126 | B11: ='Applications (Cleaned)'!B11 -> 0207 | C11: 44519 | D11: Retired | E11: 205761 | F11: 662 | G11: No | H11: Yes | I11: Pending | J11: 3986.4 | K11: 6644 | L11: 5
A12: ='Applications (Cleaned)'!A12 -> 12726 | B12: ='Applications (Cleaned)'!B12 -> 1738 | C12: 45651 | D12: Part-Time | E12: 213156 | G12: No | H12: No | I12: Pending | J12: 1776.6 | K12: 2115 | L12: 3 | M12: docs expired
A13: ='Applications (Cleaned)'!A13 -> 13509 | B13: ='Applications (Cleaned)'!B13 -> 0200 | C13: 44530 | D13: Full-Time | E13: 205434 | G13: Yes | H13: Yes | I13: Approved | J13: 1840.74 | K13: 2789 | L13: 1 | M13: Referred by agent.
A14: ='Applications (Cleaned)'!A14 -> 14294 | B14: ='Applications (Cleaned)'!B14 -> 0030 | C14: 44970 | D14: Unemployed | E14: 231909 | F14: 809 | G14: No | H14: No | I14: Approved | J14: 2976.96 | K14: 3101 | L14: 4 | M14: Missing bank statements.
A15: ='Applications (Cleaned)'!A15 -> 14569 | B15: ='Applications (Cleaned)'!B15 -> 0304 | C15: 45411 | D15: Unemployed | E15: 183128 | F15: 798 | G15: Yes | H15: No | I15: Denied | J15: 1251 | K15: 2085 | L15: 1 | M15: docs expired
A16: ='Applications (Cleaned)'!A16 -> 14590 | B16: ='Applications (Cleaned)'!B16 -> 0071 | C16: 44625 | D16: Full-Time | E16: 135994 | F16: 448 | G16: No | H16: No | I16: Pending | J16: 2827.5 | K16: 3625 | L16: 3
A17: ='Applications (Cleaned)'!A17 -> 16578 | B17: ='Applications (Cleaned)'!B17 -> 0941 | C17: 44135 | D17: Full-Time | E17: 212683 | F17: 654 | G17: Yes | H17: No | I17: Approved | J17: 2230.02 | K17: 2859 | L17: 3
A18: ='Applications (Cleaned)'!A18 -> 17022 | B18: ='Applications (Cleaned)'!B18 -> 1471 | C18: 44026 | D18: Part-Time | E18: 75089 | G18: No | H18: No | I18: Approved | J18: 3880.8 | K18: 4620 | L18: 3 | M18: Applicant provided pay stubs.
A19: ='Applications (Cleaned)'!A19 -> 20568 | B19: ='Applications (Cleaned)'!B19 -> 1143 | C19: 44664 | D19: Retired | E19: 242708 | F19: 497 | G19: No | H19: No | I19: Denied | J19: 2398.08 | K19: 2498 | L19: 1 | M19: Missing bank statements.
A20: ='Applications (Cleaned)'!A20 -> 22043 | B20: ='Applications (Cleaned)'!B20 -> 1082 | C20: 44303 | D20: Part-Time | E20: 167814 | F20: 722 | G20: No | H20: No | I20: Denied | J20: 913.44 | K20: 1384 | L20: 3 | M20: Flagged for manual review.
A21: ='Applications (Cleaned)'!A21 -> 22113 | B21: ='Applications (Cleaned)'!B21 -> 1614 | C21: 44861 | D21: Full-Time | E21: 161093 | F21: 779 | G21: No | H21: Yes | I21: Pending | J21: 6505.8 | K21: 7745 | L21: 1 | M21: Co-signer pending review.
A22: ='Applications (Cleaned)'!A22 -> 22530 | B22: ='Applications (Cleaned)'!B22 -> 0105 | C22: 44922 | D22: Unemployed | E22: 243086 | F22: 811 | G22: No | H22: No | I22: Withdrawn | J22: 4456.92 | K22: 5714 | L22: 1
A23: ='Applications (Cleaned)'!A23 -> 22927 | B23: ='Applications (Cleaned)'!B23 -> 0858 | C23: 44391 | D23: Unemployed | E23: 6344 | F23: 657 | G23: No | H23: No | I23: Denied | J23: 4003.74 | K23: 5133 | L23: 2 | M23: Missing bank statements.
A24: ='Applications (Cleaned)'!A24 -> 23053 | B24: ='Applications (Cleaned)'!B24 -> 0587 | C24: 45339 | D24: Part-Time | E24: 97725 | F24: 447 | G24: No | H24: Yes | I24: Pending | J24: 5443.2 | K24: 5670 | L24: 5 | M24: Co-signer pending review.
A25: ='Applications (Cleaned)'!A25 -> 23531 | B25: ='Applications (Cleaned)'!B25 -> 0623 | D25: Unemployed | E25: 59619 | F25: 770 | G25: No | H25: No | I25: Approved | J25: 7350.72 | K25: 7657 | L25: 2 | M25: Applicant follow-up needed
A26: ='Applications (Cleaned)'!A26 -> 25929 | B26: ='Applications (Cleaned)'!B26 -> 1112 | C26: 45657 | D26: Student | E26: 18094 | G26: No | H26: No | I26: Pending | J26: 1285.68 | K26: 1948 | L26: 3 | M26: Renewal case.
A27: ='Applications (Cleaned)'!A27 -> 27031 | B27: ='Applications (Cleaned)'!B27 -> 1424 | C27: 45094 | D27: Student | E27: 117184 | F27: 842 | G27: Yes | H27: No | I27: Pending | J27: 1940.64 | K27: 2488 | L27: 5
A28: ='Applications (Cleaned)'!A28 -> 28523 | B28: ='Applications (Cleaned)'!B28 -> 0863 | D28: Contract | E28: 129953 | F28: 729 | G28: No | H28: No | I28: Approved | J28: 828.96 | K28: 1256 | L28: 2
A29: ='Applications (Cleaned)'!A29 -> 29155 | B29: ='Applications (Cleaned)'!B29 -> 0117 | C29: 44535 | D29: Student | E29: 67801 | F29: 726 | G29: No | H29: Yes | I29: Denied | J29: 1776.06 | K29: 2691 | L29: 5 | M29: Flagged for manual review.
A30: ='Applications (Cleaned)'!A30 -> 29469 | B30: ='Applications (Cleaned)'!B30 -> 1502 | C30: 43926 | D30: Retired | E30: 205970 | F30: 717 | G30: No | H30: No | I30: Approved | J30: 1761 | K30: 2935 | L30: 1
A31: ='Applications (Cleaned)'!A31 -> 31153 | B31: ='Applications (Cleaned)'!B31 -> 1426 | C31: 45271 | D31: Retired | E31: 239937 | F31: 552 | G31: No | H31: No | I31: Approved | J31: 6846.72 | K31: 7132 | L31: 5 | M31: Missing bank statements.
A32: ='Applications (Cleaned)'!A32 -> 32569 | B32: ='Applications (Cleaned)'!B32 -> 0960 | C32: 44373 | D32: Unemployed | E32: 135402 | F32: 659 | G32: No | H32: No | I32: Denied | J32: 1281.06 | K32: 1941 | L32: 2
A33: ='Applications (Cleaned)'!A33 -> 33505 | B33: ='Applications (Cleaned)'!B33 -> 1374 | C33: 44776 | D33: Student | E33: 123900 | F33: 718 | G33: Yes | H33: No | I33: Denied | J33: 2250.6 | K33: 3751 | L33: 5 | M33: Renewal case.
A34: ='Applications (Cleaned)'!A34 -> 39831 | B34: ='Applications (Cleaned)'!B34 -> 0786 | C34: 45412 | D34: Part-Time | E34: 182546 | G34: No | H34: No | I34: Withdrawn | J34: 1992.48 | K34: 2372 | L34: 4
A35: ='Applications (Cleaned)'!A35 -> 40594 | B35: ='Applications (Cleaned)'!B35 -> 1486 | C35: 44747 | D35: Part-Time | E35: 196804 | F35: 831 | G35: No | H35: No | I35: Pending | J35: 3932.16 | K35: 4096 | L35: 2 | M35: Co-signer pending review.
A36: ='Applications (Cleaned)'!A36 -> 40885 | B36: ='Applications (Cleaned)'!B36 -> 0542 | C36: 45612 | D36: Retired | E36: 79240 | F36: 730 | G36: Yes | H36: Yes | I36: Pending | J36: 1566.6 | K36: 1865 | L36: 3 | M36: Missing bank statements.
A37: ='Applications (Cleaned)'!A37 -> 42664 | B37: ='Applications (Cleaned)'!B37 -> 0690 | C37: 44177 | D37: Unemployed | E37: 73906 | F37: 632 | G37: No | H37: No | I37: Withdrawn | J37: 1048.32 | K37: 1344 | L37: 2 | M37: Missing bank statements.
A38: ='Applications (Cleaned)'!A38 -> 42801 | B38: ='Applications (Cleaned)'!B38 -> 1301 | C38: 44733 | D38: Student | E38: 88287 | F38: 587 | G38: No | H38: Yes | I38: Denied | J38: 1393.92 | K38: 2112 | L38: 5
A39: ='Applications (Cleaned)'!A39 -> 42852 | B39: ='Applications (Cleaned)'!B39 -> 0635 | C39: 45116 | D39: Student | E39: 184446 | F39: 679 | G39: No | H39: No | I39: Approved | J39: 4816.32 | K39: 5017 | L39: 2 | M39: .
A40: ='Applications (Cleaned)'!A40 -> 45209 | B40: ='Applications (Cleaned)'!B40 -> 1679 | C40: 43941 | D40: Student | E40: 155017 | F40: 628 | G40: Yes | H40: No | I40: Withdrawn | J40: 3724.56 | K40: 4434 | L40: 4
A41: ='Applications (Cleaned)'!A41 -> 45214 | B41: ='Applications (Cleaned)'!B41 -> 0745 | C41: 44834 | D41: Unemployed | E41: 184947 | F41: 773 | G41: No | H41: Yes | I41: Approved | J41: 3454.44 | K41: 5234 | L41: 3 | M41: Referred by agent.
A42: ='Applications (Cleaned)'!A42 -> 47538 | B42: ='Applications (Cleaned)'!B42 -> 0138 | C42: 44015 | D42: Student | E42: 222971 | F42: 759 | G42: No | H42: No | I42: Approved | J42: 2119.68 | K42: 2208 | L42: 2 | M42: Applicant provided pay stubs.
A43: ='Applications (Cleaned)'!A43 -> 48883 | B43: ='Applications (Cleaned)'!B43 -> 0151 | C43: 44027 | D43: Full-Time | E43: 196831 | F43: 840 | G43: No | H43: No | I43: Approved | J43: 2521.86 | K43: 0 | L43: 3 | M43: Applicant provided pay stubs.
A44: ='Applications (Cleaned)'!A44 -> 49499 | B44: ='Applications (Cleaned)'!B44 -> 0431 | C44: 45233 | D44: Self-Employed | E44: 88403 | F44: 358 | G44: No | H44: No | I44: Approved | J44: 2804.1 | K44: 3595 | L44: 1 | M44: Applicant follow-up needed
A45: ='Applications (Cleaned)'!A45 -> 50504 | B45: ='Applications (Cleaned)'!B45 -> 0478 | C45: 45574 | D45: Contract | E45: 48496 | G45: No | H45: Yes | I45: Under Review | J45: 2903.04 | K45: 3024 | L45: 1
A46: ='Applications (Cleaned)'!A46 -> 50983 | B46: ='Applications (Cleaned)'!B46 -> 1624 | C46: 45425 | D46: Self-Employed | E46: 69518 | F46: 584 | G46: No | H46: No | I46: Approved | J46: 2680.26 | K46: 4061 | L46: 3
A47: ='Applications (Cleaned)'!A47 -> 53482 | B47: ='Applications (Cleaned)'!B47 -> 1052 | C47: 43938 | D47: Full-Time | E47: 161542 | F47: 633 | G47: Yes | H47: No | I47: Approved | J47: 2710.5 | K47: 0 | L47: 3
A48: ='Applications (Cleaned)'!A48 -> 56224 | B48: ='Applications (Cleaned)'!B48 -> 1335 | C48: 45087 | D48: Student | E48: 155101 | F48: 685 | G48: No | H48: No | I48: Pending | J48: 6277.32 | K48: 7473 | L48: 5 | M48: Applicant follow-up needed
A49: ='Applications (Cleaned)'!A49 -> 58428 | B49: ='Applications (Cleaned)'!B49 -> 0177 | C49: 45055 | D49: Retired | E49: 220104 | F49: 779 | G49: No | H49: No | I49: Withdrawn | J49: 1509.12 | K49: 1572 | L49: 1
A50: ='Applications (Cleaned)'!A50 -> 58625 | B50: ='Applications (Cleaned)'!B50 -> 0835 | C50: 44737 | D50: Part-Time | E50: 128630 | F50: 591 | G50: No | H50: Yes | I50: Denied | J50: 2509.08 | K50: 2987 | L50: 2 | M50: .
A51: ='Applications (Cleaned)'!A51 -> 60529 | B51: ='Applications (Cleaned)'!B51 -> 1755 | C51: 44961 | D51: Part-Time | E51: 41338 | F51: 834 | G51: Yes | H51: No | I51: Approved | J51: 1681.2 | K51: 2802 | L51: 5
A52: ='Applications (Cleaned)'!A52 -> 64113 | B52: ='Applications (Cleaned)'!B52 -> 0317 | C52: 44887 | D52: Self-Employed | E52: 62462 | F52: 693 | G52: No | H52: Yes | I52: Denied | J52: 2854.08 | K52: 2973 | L52: 1
A53: ='Applications (Cleaned)'!A53 -> 65031 | B53: ='Applications (Cleaned)'!B53 -> 0566 | C53: 44436 | D53: Unemployed | E53: 115814 | F53: 654 | G53: No | H53: No | I53: Approved | J53: 1177.8 | K53: 1510 | L53: 2
A54: ='Applications (Cleaned)'!A54 -> 66941 | B54: ='Applications (Cleaned)'!B54 -> 0395 | C54: 44431 | D54: Contract | E54: 190401 | F54: 733 | G54: No | H54: Yes | I54: Denied | J54: 2486.4 | K54: 4144 | L54: 5 | M54: Flagged for manual review.
A55: ='Applications (Cleaned)'!A55 -> 68766 | B55: ='Applications (Cleaned)'!B55 -> 1461 | C55: 44710 | D55: Retired | E55: 41771 | F55: 705 | G55: Yes | H55: No | I55: Approved | J55: 3621.12 | K55: 3772 | L55: 1 | M55: Applicant provided pay stubs.
A56: ='Applications (Cleaned)'!A56 -> 70981 | B56: ='Applications (Cleaned)'!B56 -> 0212 | C56: 45130 | D56: Retired | E56: 269787 | F56: 617 | G56: No | H56: Yes | I56: Under Review | J56: 1713.6 | K56: 1785 | L56: 4
A57: ='Applications (Cleaned)'!A57 -> 71141 | B57: ='Applications (Cleaned)'!B57 -> 1637 | C57: 44079 | D57: Unemployed | E57: 242263 | F57: 693 | G57: Yes | H57: No | I57: Approved | J57: 2810.4 | K57: 4684 | L57: 1
A58: ='Applications (Cleaned)'!A58 -> 71283 | B58: ='Applications (Cleaned)'!B58 -> 0571 | C58: 44786 | D58: Retired | E58: 31211 | F58: 725 | G58: No | H58: No | I58: Denied | J58: 1703.46 | K58: 2581 | L58: 2
A59: ='Applications (Cleaned)'!A59 -> 71327 | B59: ='Applications (Cleaned)'!B59 -> 1218 | C59: 43882 | D59: Contract | E59: 229294 | F59: 782 | G59: No | H59: No | I59: Approved | J59: 4985.64 | K59: 7554 | L59: 4 | M59: .
A60: ='Applications (Cleaned)'!A60 -> 71917 | B60: ='Applications (Cleaned)'!B60 -> 1380 | C60: 45161 | D60: Self-Employed | E60: 169250 | F60: 808 | G60: No | H60: Yes | I60: Approved | J60: 8010.24 | K60: 8344 | L60: 1
A61: ='Applications (Cleaned)'!A61 -> 71995 | B61: ='Applications (Cleaned)'!B61 -> 0478 | C61: 44487 | D61: Self-Employed | E61: 249012 | F61: 611 | G61: No | H61: No | I61: Approved | J61: 1814.4 | K61: 3024 | L61: 4
A62: ='Applications (Cleaned)'!A62 -> 72021 | B62: ='Applications (Cleaned)'!B62 -> 0122 | C62: 45225 | D62: Student | E62: 66703 | F62: 662 | G62: No | H62: Yes | I62: Approved | J62: 1247.4 | K62: 1485 | L62: 2 | M62: Referred by agent.
A63: ='Applications (Cleaned)'!A63 -> 72452 | B63: ='Applications (Cleaned)'!B63 -> 0843 | C63: 44428 | D63: Full-Time | E63: 96593 | F63: 697 | G63: Yes | H63: Yes | I63: Withdrawn | J63: 1117.74 | K63: 1433 | L63: 5
A64: ='Applications (Cleaned)'!A64 -> 77457 | B64: ='Applications (Cleaned)'!B64 -> 1135 | C64: 43834 | D64: Retired | E64: 158915 | F64: 696 | G64: No | H64: No | I64: Approved | J64: 2251.2 | K64: 2680 | L64: 5
A65: ='Applications (Cleaned)'!A65 -> 77536 | B65: ='Applications (Cleaned)'!B65 -> 1622 | C65: 45318 | D65: Retired | E65: 98912 | F65: 478 | G65: No | H65: Yes | I65: Approved | J65: 1770.78 | K65: 2683 | L65: 3 | M65: Applicant provided pay stubs.
A66: ='Applications (Cleaned)'!A66 -> 77608 | B66: ='Applications (Cleaned)'!B66 -> 0938 | C66: 44871 | D66: Retired | E66: 157949 | F66: 788 | G66: No | H66: Yes | I66: Approved | J66: 3348 | K66: 5580 | L66: 2 | M66: Renewal case.
A67: ='Applications (Cleaned)'!A67 -> 78835 | B67: ='Applications (Cleaned)'!B67 -> 0135 | C67: 44748 | D67: Part-Time | E67: 38929 | F67: 731 | G67: Yes | H67: Yes | I67: Withdrawn | J67: 1298.64 | K67: 1546 | L67: 2 | M67: Missing bank statements.
A68: ='Applications (Cleaned)'!A68 -> 78900 | B68: ='Applications (Cleaned)'!B68 -> 1277 | C68: 44572 | D68: Part-Time | E68: 132759 | F68: 624 | G68: No | H68: No | I68: Pending | J68: 1163.52 | K68: 1212 | L68: 3
A69: ='Applications (Cleaned)'!A69 -> 79698 | B69: ='Applications (Cleaned)'!B69 -> 1626 | D69: Part-Time | E69: 129683 | F69: 808 | G69: Yes | H69: Yes | I69: Approved | J69: 3760.68 | K69: 4477 | L69: 3 | M69: Co-signer pending review.
A70: ='Applications (Cleaned)'!A70 -> 80054 | B70: ='Applications (Cleaned)'!B70 -> 1108 | C70: 44928 | D70: Retired | E70: 67982 | F70: 630 | G70: No | H70: No | I70: Approved | J70: 1906.8 | K70: 2270 | L70: 5 | M70: Renewal case.
A71: ='Applications (Cleaned)'!A71 -> 84952 | B71: ='Applications (Cleaned)'!B71 -> 0183 | C71: 45551 | D71: Full-Time | E71: 126775 | F71: 732 | G71: No | H71: No | I71: Pending | J71: 6460.44 | K71: 7691 | L71: 2 | M71: income verified via Plaid
A72: ='Applications (Cleaned)'!A72 -> 85446 | B72: ='Applications (Cleaned)'!B72 -> 1300 | C72: 45272 | D72: Unemployed | E72: 225455 | F72: 646 | G72: No | H72: Yes | I72: Under Review | J72: 3037.44 | K72: 3616 | L72: 5 | M72: Flagged for manual review.
A73: ='Applications (Cleaned)'!A73 -> 85917 | B73: ='Applications (Cleaned)'!B73 -> 1054 | C73: 45034 | D73: Student | E73: 88348 | F73: 656 | G73: No | H73: No | I73: Pending | J73: 2042.88 | K73: 2128 | L73: 5 | M73: Referred by agent.
A74: ='Applications (Cleaned)'!A74 -> 86395 | B74: ='Applications (Cleaned)'!B74 -> 0805 | C74: 44855 | D74: Full-Time | E74: 179372 | F74: 367 | G74: No | H74: Yes | I74: Approved | J74: 1257.3 | K74: 1905 | L74: 4
A75: ='Applications (Cleaned)'!A75 -> 86589 | B75: ='Applications (Cleaned)'!B75 -> 0384 | C75: 44414 | D75: Student | E75: 31675 | F75: 760 | G75: Yes | H75: Yes | I75: Pending | J75: 4969.38 | K75: 6371 | L75: 5 | M75: .
A76: ='Applications (Cleaned)'!A76 -> 88929 | B76: ='Applications (Cleaned)'!B76 -> 1531 | C76: 43869 | D76: Full-Time | E76: 208788 | F76: 618 | G76: No | H76: Yes | I76: Approved | J76: 1610.7 | K76: 2065 | L76: 2
A77: ='Applications (Cleaned)'!A77 -> 89319 | B77: ='Applications (Cleaned)'!B77 -> 0329 | C77: 44738 | D77: Contract | E77: 153876 | F77: 733 | G77: Yes | H77: No | I77: Approved | J77: 1874.4 | K77: 2840 | L77: 3 | M77: docs expired
A78: ='Applications (Cleaned)'!A78 -> 91589 | B78: ='Applications (Cleaned)'!B78 -> 1600 | C78: 44541 | D78: Unemployed | E78: 163765 | G78: No | H78: Yes | I78: Pending | J78: 1850.94 | K78: 2373 | L78: 2 | M78: Referred by agent.
A79: ='Applications (Cleaned)'!A79 -> 93901 | B79: ='Applications (Cleaned)'!B79 -> 0506 | C79: 45269 | D79: Part-Time | E79: 45964 | F79: 608 | G79: No | H79: No | I79: Approved | J79: 1315.08 | K79: 1686 | L79: 3 | M79: Renewal case.
A80: ='Applications (Cleaned)'!A80 -> 97465 | B80: ='Applications (Cleaned)'!B80 -> 0493 | C80: 44386 | D80: Self-Employed | E80: 154533 | F80: 537 | G80: Yes | H80: Yes | I80: Pending | J80: 6987.12 | K80: 8318 | L80: 3
A81: ='Applications (Cleaned)'!A81 -> 98074 | B81: ='Applications (Cleaned)'!B81 -> 0160 | C81: 45037 | D81: Self-Employed | E81: 40504 | F81: 781 | G81: No | H81: No | I81: Denied | J81: 894.6 | K81: 1065 | L81: 3 | M81: Applicant provided pay stubs.
A82: ='Applications (Cleaned)'!A82 -> 98331 | B82: ='Applications (Cleaned)'!B82 -> 0599 | C82: 44700 | D82: Retired | E82: 286252 | F82: 672 | G82: No | H82: No | I82: Approved | J82: 923.34 | K82: 1399 | L82: 2 | M82: Referred by agent.
A83: ='Applications (Cleaned)'!A83 -> 98763 | B83: ='Applications (Cleaned)'!B83 -> 1094 | C83: 44065 | D83: Part-Time | E83: 85053 | F83: 711 | G83: No | H83: No | I83: Denied | J83: 1433.88 | K83: 1707 | L83: 2 | M83: Applicant provided pay stubs.
A84: ='Applications (Cleaned)'!A84 -> 99221 | B84: ='Applications (Cleaned)'!B84 -> 1237 | C84: 44279 | D84: Full-Time | E84: 164591 | F84: 814 | G84: No | H84: No | I84: Approved | J84: 932.88 | K84: 1196 | L84: 4
A85: ='Applications (Cleaned)'!A85 -> 99521 | B85: ='Applications (Cleaned)'!B85 -> 1451 | C85: 44414 | D85: Retired | E85: 164566 | F85: 681 | G85: No | H85: Yes | I85: Denied | J85: 3500.28 | K85: 4167 | L85: 1 | M85: Applicant provided pay stubs.
A86: ='Applications (Cleaned)'!A86 -> 101283 | B86: ='Applications (Cleaned)'!B86 -> 1067 | C86: 44670 | D86: Contract | E86: 123836 | F86: 691 | G86: Yes | H86: Yes | I86: Denied | J86: 1911.36 | K86: 2896 | L86: 3
A87: ='Applications (Cleaned)'!A87 -> 102129 | B87: ='Applications (Cleaned)'!B87 -> 0020 | C87: 44899 | D87: Full-Time | E87: 39954 | F87: 605 | G87: No | H87: Yes | I87: Denied | J87: 4233.6 | K87: 5040 | L87: 4 | M87: Referred by agent.
A88: ='Applications (Cleaned)'!A88 -> 102888 | B88: ='Applications (Cleaned)'!B88 -> 1448 | C88: 45308 | D88: Self-Employed | E88: 21282 | F88: 709 | G88: Yes | H88: No | I88: Denied | J88: 1903.44 | K88: 2884 | L88: 5 | M88: Renewal case.
A89: ='Applications (Cleaned)'!A89 -> 103039 | B89: ='Applications (Cleaned)'!B89 -> 0145 | C89: 44276 | D89: Unemployed | E89: 184496 | F89: 830 | G89: Yes | H89: No | I89: Approved | J89: 520.8 | K89: 868 | L89: 4 | M89: .
A90: ='Applications (Cleaned)'!A90 -> 104681 | B90: ='Applications (Cleaned)'!B90 -> 0031 | C90: 44273 | D90: Part-Time | E90: 59925 | G90: No | H90: Yes | I90: Under Review | J90: 3008.88 | K90: 3582 | L90: 1 | M90: docs expired
A91: ='Applications (Cleaned)'!A91 -> 108314 | B91: ='Applications (Cleaned)'!B91 -> 1242 | C91: 45596 | D91: Student | E91: 253626 | F91: 825 | G91: No | H91: Yes | I91: Denied | J91: 3026.52 | K91: 3603 | L91: 3 | M91: Missing bank statements.
A92: ='Applications (Cleaned)'!A92 -> 110697 | B92: ='Applications (Cleaned)'!B92 -> 1725 | C92: 44449 | D92: Self-Employed | E92: 254073 | F92: 799 | G92: No | H92: Yes | I92: Approved | J92: 8069.76 | K92: 8406 | L92: 3 | M92: Renewal case.
A93: ='Applications (Cleaned)'!A93 -> 111153 | B93: ='Applications (Cleaned)'!B93 -> 0043 | C93: 45509 | D93: Self-Employed | E93: 63750 | F93: 609 | G93: No | H93: Yes | I93: Approved | J93: 2569.32 | K93: 3294 | L93: 1
A94: ='Applications (Cleaned)'!A94 -> 112052 | B94: ='Applications (Cleaned)'!B94 -> 1495 | C94: 44458 | D94: Self-Employed | E94: 87224 | F94: 633 | G94: No | H94: Yes | I94: Approved | J94: 4537.26 | K94: 5817 | L94: 5 | M94: Applicant provided pay stubs.
A95: ='Applications (Cleaned)'!A95 -> 113063 | B95: ='Applications (Cleaned)'!B95 -> 0004 | C95: 45648 | D95: Self-Employed | E95: 51665 | G95: No | H95: No | I95: Under Review | J95: 1454.04 | K95: 1731 | L95: 5
A96: ='Applications (Cleaned)'!A96 -> 113191 | B96: ='Applications (Cleaned)'!B96 -> 1565 | C96: 44746 | D96: Retired | E96: 197044 | G96: No | H96: No | I96: Approved | J96: 3370.08 | K96: 4012 | L96: 2 | M96: Missing bank statements.
A97: ='Applications (Cleaned)'!A97 -> 113530 | B97: ='Applications (Cleaned)'!B97 -> 1024 | C97: 45625 | D97: Full-Time | E97: 222537 | F97: 653 | G97: Yes | H97: No | I97: Approved | J97: 953.04 | K97: 1444 | L97: 2 | M97: Applicant provided pay stubs.
A98: ='Applications (Cleaned)'!A98 -> 113555 | B98: ='Applications (Cleaned)'!B98 -> 0011 | C98: 43861 | D98: Self-Employed | E98: 21950 | F98: 835 | G98: No | H98: Yes | I98: Under Review | J98: 3956.7 | K98: 5995 | L98: 4
A99: ='Applications (Cleaned)'!A99 -> 117487 | B99: ='Applications (Cleaned)'!B99 -> 1229 | C99: 44920 | D99: Retired | E99: 234431 | F99: 832 | G99: No | H99: No | I99: Pending | J99: 6237 | K99: 9450 | L99: 2
A100: ='Applications (Cleaned)'!A100 -> 118720 | B100: ='Applications (Cleaned)'!B100 -> 1048 | C100: 44410 | D100: Self-Employed | E100: 318849 | F100: 778 | G100: No | H100: No | I100: Denied | J100: 4804.8 | K100: 8008 | L100: 3 | M100: docs expired
...

Sheet Properties
A1: property_id | B1: city | C1: state | D1: zip | E1: unit_type | F1: monthly_rent | G1: landlord_type | H1: lease_length
A2: 1 | B2: Washington | C2: DC | D2: 200XX | E2: 1BR | F2: 851 | G2: LLC | H2: 6 months
A3: 2 | B3: Chicago | C3: IL | D3: 60614 | E3: 3BR | F3: 3081 | G3: LLC | H3: 6 months
A4: 3 | B4: Nashville | C4: TN | D4: 37201 | E4: 1BR | F4: 1426 | G4: Corporate | H4: 12 months
A5: 4 | B5: Nashville | C5: TN | D5: 37206 | E5: 2BR | F5: 1731 | G5: LLC | H5: 12 months
A6: 5 | B6: Los Angeles | C6: CA | D6: 90036 | E6: 4BR+ | F6: 3898 | G6: Individual | H6: 12 months
A7: 7 | B7: Cambridge | C7: MA | D7: 2139 | E7: 2BR | F7: 2586 | G7: LLC | H7: 12 months
A8: 8 | B8: Seattle | C8: WA | D8: 98103 | E8: 3BR | F8: 8826 | G8: Individual | H8: 24 months
A9: 9 | B9: Scottsdale | C9: AZ | D9: 85251 | E9: 1BR | F9: 1641 | G9: Individual | H9: 12 months
A10: 10 | B10: Houston | C10: TX | D10: 77001 | E10: Studio | F10: 2937 | G10: Corporate | H10: 6 months
A11: 11 | B11: Chicago | C11: IL | D11: 60614 | E11: 3BR | F11: 5995 | G11: REIT | H11: 18 months
A12: 12 | B12: Chicago | C12: IL | D12: 60614 | E12: Studio | F12: 1840 | G12: LLC | H12: 12 months
A13: 14 | B13: Atlanta | C13: GA | D13: 30301 | E13: Studio | F13: 2167 | G13: REIT | H13: 12 months
A14: 15 | B14: New York | C14: NY | D14: 10003 | E14: Studio | F14: 2224 | G14: Corporate | H14: 6 months
... A22: 23 | B22: Fort Lauderdale | C22: FL | D22: 33301 | E22: 4BR+ | F22: 3634 | G22: REIT | H22: 12 months
A23: 24 | B23: San Francisco | C23: CA | D23: 94110 | E23: Studio | F23: 2968 | H23: 12 months
A24: 25 | B24: Los Angeles | C24: CA | D24: 90036 | E24: 4BR+ | F24: 7623 | G24: REIT | H24: 24 months
A25: 26 | B25: Atlanta | C25: GA | D25: 30308 | E25: Studio | F25: 1516 | G25: REIT | H25: 24 months
A26: 27 | B26: Los Angeles | C26: CA | D26: 90025 | E26: 1BR | F26: 1542 | G26: LLC | H26: 12 months
A27: 28 | B27: Nashville | C27: TN | D27: 37201 | E27: 2BR | F27: 4252 | G27: REIT | H27: 24 months
A28: 29 | B28: San Francisco | C28: CA | D28: 94110 | E28: 2BR | F28: 2931 | G28: LLC | H28: 12 months
A29: 30 | B29: Queens | C29: NY | D29: 11101 | E29: 1BR | F29: 3101 | G29: LLC | H29: 12 months
A30: 32 | B30: Atlanta | C30: GA | D30: 303XX | E30: 1BR | F30: 1286 | G30: Property Management Co | H30: 24 months
A31: 33 | B31: Nashville | C31: TN | D31: 37206 | E31: Studio | F31: 1110 | G31: Property Management Co | H31: 6 months
A32: 34 | B32: Houston | C32: TX | D32: 77019 | E32: 1BR | F32: 1432 | G32: Corporate | H32: 12 months
A33: 35 | B33: Austin | C33: TX | D33: 78701 | E33: Studio | F33: 1915 | G33: REIT | H33: 12 months
A34: 37 | B34: Bellevue | C34: WA | D34: 98004 | E34: Studio | F34: 1129 | G34: Individual | H34: 18 months
A35: 38 | B35: Cambridge | C35: MA | D35: 2139 | E35: 4BR+ | F35: 5187 | G35: Individual | H35: 12 months
A36: 39 | B36: Scottsdale | C36: AZ | D36: 85251 | E36: 2BR | F36: 3301 | G36: Property Management Co | H36: 12 months
A37: 40 | B37: San Francisco | C37: CA | D37: 94110 | E37: 4BR+ | F37: 11118 | G37: Property Management Co | H37: 24 months
A38: 41 | B38: Arlington | C38: VA | D38: 22201 | E38: 1BR | F38: 1251 | G38: REIT | H38: 12 months
A39: 42 | B39: Nashville | C39: TN | D39: 37206 | E39: 4BR+ | F39: 6997 | G39: Individual | H39: 6 months
A40: 43 | B40: Seattle | C40: WA | D40: 98101 | E40: 2BR | F40: 3294 | G40: REIT | H40: 12 months
A41: 44 | B41: Nashville | C41: TN | D41: 37206 | E41: 4BR+ | F41: 7813 | G41: REIT | H41: 6 months
A42: 45 | B42: San Francisco | C42: CA | D42: 94102 | E42: Studio | F42: 3061 | G42: Individual | H42: 12 months
... A63: 70 | B63: Miami | C63: FL | D63: 33130 | E63: Studio | F63: 1531 | G63: Property Management Co | H63: 12 months
A64: 71 | B64: New York | C64: NY | D64: 100XX | E64: 2BR | F64: 3625 | G64: REIT | H64: 12 months
A65: 72 | B65: Boston | C65: MA | D65: 2101 | E65: 1BR | F65: 3137 | G65: Property Management Co | H65: 12 months
A66: 73 | B66: New York | C66: NY | D66: 10003 | E66: 2BR | F66: 4086 | G66: Individual | H66: 18 months
A67: 74 | B67: New York | C67: NY | D67: 10003 | E67: 4BR+ | F67: 9954 | G67: LLC | H67: 18 months
A68: 75 | B68: Seattle | C68: WA | D68: 98101 | E68: 3BR | F68: 8539 | G68: REIT | H68: 12 months
A69: 77 | B69: Arlington | C69: VA | D69: 22201 | E69: Studio | F69: 1721 | G69: Corporate | H69: 18 months
A70: 78 | B70: Seattle | C70: WA | D70: 98101 | E70: Studio | F70: 1969 | G70: LLC | H70: 18 months
A71: 79 | B71: Miami | C71: FL | D71: 33130 | E71: 1BR | F71: 2806 | G71: Property Management Co | H71: 24 months
A72: 80 | B72: Bellevue | C72: WA | D72: 98004 | E72: 2BR | F72: 3117 | G72: Corporate | H72: 12 months
A73: 82 | B73: Cambridge | C73: MA | D73: 2139 | E73: 3BR | F73: 2409 | G73: Individual | H73: 12 months
A74: 83 | B74: Oakland | C74: CA | D74: 94601 | E74: 4BR+ | F74: 3318 | G74: REIT | H74: 18 months
A75: 84 | B75: Seattle | C75: WA | D75: 98103 | E75: 3BR | F75: 7438 | G75: Property Management Co | H75: 12 months
A76: 85 | B76: Chicago | C76: IL | D76: 60601 | E76: 1BR | F76: 1550 | G76: Corporate | H76: 12 months
... A80: 89 | B80: Brooklyn | C80: NY | D80: 11201 | E80: Studio | F80: 3202 | G80: Individual | H80: 24 months
A81: 90 | B81: Atlanta | C81: GA | E81: 4BR+ | F81: 5235 | G81: LLC | H81: 12 months
A82: 92 | B82: Seattle | C82: WA | D82: 98103 | E82: Studio | F82: 3162 | G82: Corporate | H82: 6 months
A83: 93 | B83: Atlanta | C83: GA | D83: 30301 | E83: 3BR | F83: 5957 | G83: Individual | H83: 18 months
A84: 95 | B84: Arlington | C84: VA | D84: 22201 | E84: 3BR | F84: 5761 | G84: Individual | H84: 12 months
A85: 97 | B85: Miami | C85: FL | D85: 33101 | E85: Studio | F85: 1623 | G85: Corporate | H85: 12 months
A86: 98 | B86: Fort Lauderdale | C86: FL | D86: 33301 | E86: Studio | F86: 1940 | G86: Corporate | H86: 6 months
A87: 99 | B87: Decatur | C87: GA | D87: 30030 | E87: 3BR | F87: 3194 | G87: Corporate | H87: 12 months
A88: 100 | B88: Houston | C88: TX | D88: 77019 | E88: 2BR | F88: 2467 | G88: REIT | H88: 24 months
A89: 101 | B89: Phoenix | C89: AZ | D89: 85001 | E89: 2BR | F89: 2881 | G89: Corporate | H89: 12 months
A90: 102 | B90: Arlington | C90: VA | D90: 22201 | E90: 1BR | F90: 2893 | G90: Corporate | H90: 12 months
A91: 104 | B91: Atlanta | C91: GA | D91: 30301 | E91: 2BR | F91: 3225 | G91: Property Management Co | H91: 6 months
A92: 106 | B92: Houston | C92: TX | D92: 77019 | E92: 4BR+ | F92: 4330 | G92: Individual | H92: 18 months
A93: 107 | B93: Oakland | C93: CA | D93: 94601 | E93: 3BR | F93: 3319 | G93: REIT | H93: 12 months
... A103: 117 | B103: Cambridge | C103: MA | D103: 2139 | E103: 1BR | F103: 2691 | G103: Property Management Co | H103: 12 months
A104: 118 | B104: Decatur | C104: GA | D104: 300XX | E104: 4BR+ | F104: 7028 | G104: Property Management Co | H104: 6 months
A105: 119 | B105: Fort Lauderdale | C105: FL | D105: 33301 | E105: 4BR+ | F105: 4790 | G105: Corporate | H105: 18 months
A106: 120 | B106: Washington | C106: DC | D106: 20009 | E106: 3BR | F106: 5532 | G106: Individual | H106: 12 months
A107: 121 | B107: Portland | C107: OR | D107: 97201 | E107: 1BR | F107: 1699 | G107: LLC | H107: 12 months
A108: 122 | B108: San Francisco | C108: CA | D108: 94110 | E108: Studio | F108: 1485 | G108: Property Management Co | H108: 24 months
A109: 123 | B109: San Antonio | C109: TX | D109: 78201 | E109: Studio | F109: 1054 | G109: Corporate | H109: 12 months
A110: 124 | B110: Austin | C110: TX | D110: 78701 | E110: Studio | F110: 994 | G110: Property Management Co | H110: 12 months
A111: 126 | B111: Bellevue | C111: WA | D111: 98004 | E111: 1BR | F111: 2234 | G111: Property Management Co | H111: 12 months
A112: 128 | B112: Brooklyn | C112: NY | D112: 11201 | E112: 3BR | F112: 7677 | G112: Corporate | H112: 24 months
A113: 129 | B113: Nashville | C113: TN | D113: 37206 | E113: Studio | F113: 1435 | G113: Corporate | H113: 24 months
A114: 131 | B114: Nashville | C114: TN | D114: 37206 | E114: Studio | F114: 1267 | G114: Corporate | H114: 18 months
A115: 132 | B115: Cambridge | C115: MA | D115: 2139 | E115: Studio | F115: 1828 | G115: REIT | H115: 12 months
A116: 133 | B116: Houston | C116: TX | D116: 770XX | E116: 4BR+ | F116: 3195 | G116: Corporate | H116: 6 months
A117: 134 | B117: Houston | C117: TX | D117: 77025 | E117: 4BR+ | F117: 3695 | G117: Property Management Co | H117: 6 months
A118: 135 | B118: Houston | C118: TX | D118: 77001 | E118: 1BR | F118: 1546 | G118: REIT | H118: 12 months
A119: 137 | B119: Cambridge | C119: MA | D119: 2139 | E119: Studio | F119: 1992 | G119: Property Management Co | H119: 12 months
A120: 138 | B120: Chicago | C120: IL | D120: 60647 | E120: 2BR | F120: 2208 | G120: LLC | H120: 24 months
A121: 139 | B121: Boston | C121: MA | D121: 2115 | E121: 3BR | F121: 5938 | G121: LLC | H121: 12 months
A122: 140 | B122: Atlanta | C122: GA | D122: 303XX | E122: Studio | F122: 1249 | G122: Property Management Co | H122: 12 months
A123: 141 | B123: Oakland | C123: CA | D123: 94601 | E123: 1BR | F123: 3057 | G123: Individual | H123: 24 months
A124: 142 | B124: Denver | C124: CO | D124: 80205 | E124: 4BR+ | F124: 4117 | G124: LLC | H124: 12 months
A125: 143 | B125: Chicago | C125: IL | D125: 60647 | E125: Studio | F125: 1973 | G125: Individual | H125: 12 months
A126: 144 | B126: New York | C126: NY | D126: 10001 | E126: 2BR | F126: 6658 | G126: Individual | H126: 12 months
A127: 145 | B127: Austin | C127: TX | D127: 78704 | E127: Studio | F127: 868 | G127: Individual | H127: 12 months
A128: 146 | B128: Brooklyn | C128: NY | D128: 11201 | E128: Studio | F128: 2217 | H128: 6 months
A129: 147 | B129: New York | C129: NY | D129: 10002 | E129: 1BR | F129: 3442 | G129: Property Management Co | H129: 24 months
A130: 148 | B130: Nashville | C130: TN | D130: 37201 | E130: Studio | F130: 975 | G130: Individual | H130: 18 months
A131: 149 | B131: Chicago | C131: IL | D131: 60601 | E131: Studio | F131: 1719 | G131: Individual | H131: 18 months
A132: 151 | B132: Fort Lauderdale | C132: FL | D132: 333XX | E132: 3BR | F132: 3821 | G132: Individual | H132: 12 months
A133: 152 | B133: Bellevue | C133: WA | D133: 98004 | E133: 2BR | F133: 2369 | G133: LLC | H133: 12 months
A134: 153 | B134: Brooklyn | C134: NY | D134: 11201 | E134: 1BR | F134: 4453 | G134: Property Management Co | H134: 12 months
A135: 154 | B135: Portland | C135: OR | D135: 97201 | E135: Studio | F135: 1383 | G135: Individual | H135: 6 months
A136: 155 | B136: Houston | C136: TX | D136: 77025 | E136: 2BR | F136: 4232 | G136: LLC | H136: 12 months
A137: 156 | B137: Fort Lauderdale | C137: FL | D137: 33301 | E137: 2BR | F137: 4287 | G137: Property Management Co | H137: 6 months
A138: 157 | B138: San Francisco | C138: CA | D138: 94110 | E138: 4BR+ | F138: 11068 | G138: REIT | H138: 12 months
A139: 158 | B139: Arlington | C139: VA | D139: 22201 | E139: Studio | F139: 1255 | G139: Property Management Co | H139: 12 months
...

Sheet Properties (Cleaned)
A1: property_id | B1: city | C1: state | D1: unit_type | E1: monthly_rent | F1: landlord_type | G1: lease_length
A2: =TEXT(Properties!A2,"0000") -> 0001 | B2: Washington | C2: DC | D2: 1BR | E2: 851 | F2: LLC | G2: 6 months
A3: =TEXT(Properties!A3,"0000") -> 0002 | B3: Chicago | C3: IL | D3: 3BR | E3: 3081 | F3: LLC | G3: 6 months
A4: =TEXT(Properties!A4,"0000") -> 0003 | B4: Nashville | C4: TN | D4: 1BR | E4: 1426 | F4: Corporate | G4: 12 months
A5: =TEXT(Properties!A5,"0000") -> 0004 | B5: Nashville | C5: TN | D5: 2BR | E5: 1731 | F5: LLC | G5: 12 months
A6: =TEXT(Properties!A6,"0000") -> 0005 | B6: Los Angeles | C6: CA | D6: 4BR+ | E6: 3898 | F6: Individual | G6: 12 months
A7: =TEXT(Properties!A7,"0000") -> 0007 | B7: Cambridge | C7: MA | D7: 2BR | E7: 2586 | F7: LLC | G7: 12 months
A8: =TEXT(Properties!A8,"0000") -> 0008 | B8: Seattle | C8: WA | D8: 3BR | E8: 8826 | F8: Individual | G8: 24 months
A9: =TEXT(Properties!A9,"0000") -> 0009 | B9: Scottsdale | C9: AZ | D9: 1BR | E9: 1641 | F9: Individual | G9: 12 months
A10: =TEXT(Properties!A10,"0000") -> 0010 | B10: Houston | C10: TX | D10: Studio | E10: 2937 | F10: Corporate | G10: 6 months
A11: =TEXT(Properties!A11,"0000") -> 0011 | B11: Chicago | C11: IL | D11: 3BR | E11: 5995 | F11: REIT | G11: 18 months
A12: =TEXT(Properties!A12,"0000") -> 0012 | B12: Chicago | C12: IL | D12: Studio | E12: 1840 | F12: LLC | G12: 12 months
A13: =TEXT(Properties!A13,"0000") -> 0014 | B13: Atlanta | C13: GA | D13: Studio | E13: 2167 | F13: REIT | G13: 12 months
... A22: =TEXT(Properties!A22,"0000") -> 0023 | B22: Fort Lauderdale | C22: FL | D22: 4BR+ | E22: 3634 | F22: REIT | G22: 12 months
A23: =TEXT(Properties!A23,"0000") -> 0024 | B23: San Francisco | C23: CA | D23: Studio | E23: 2968 | G23: 12 months
A24: =TEXT(Properties!A24,"0000") -> 0025 | B24: Los Angeles | C24: CA | D24: 4BR+ | E24: 7623 | F24: REIT | G24: 24 months
A25: =TEXT(Properties!A25,"0000") -> 0026 | B25: Atlanta | C25: GA | D25: Studio | E25: 1516 | F25: REIT | G25: 24 months
A26: =TEXT(Properties!A26,"0000") -> 0027 | B26: Los Angeles | C26: CA | D26: 1BR | E26: 1542 | F26: LLC | G26: 12 months
A27: =TEXT(Properties!A27,"0000") -> 0028 | B27: Nashville | C27: TN | D27: 2BR | E27: 4252 | F27: REIT | G27: 24 months
A28: =TEXT(Properties!A28,"0000") -> 0029 | B28: San Francisco | C28: CA | D28: 2BR | E28: 2931 | F28: LLC | G28: 12 months
A29: =TEXT(Properties!A29,"0000") -> 0030 | B29: Queens | C29: NY | D29: 1BR | E29: 3101 | F29: LLC | G29: 12 months
A30: =TEXT(Properties!A30,"0000") -> 0032 | B30: Atlanta | C30: GA | D30: 1BR | E30: 1286 | F30: Property Management Co | G30: 24 months
A31: =TEXT(Properties!A31,"0000") -> 0033 | B31: Nashville | C31: TN | D31: Studio | E31: 1110 | F31: Property Management Co | G31: 6 months
A32: =TEXT(Properties!A32,"0000") -> 0034 | B32: Houston | C32: TX | D32: 1BR | E32: 1432 | F32: Corporate | G32: 12 months
A33: =TEXT(Properties!A33,"0000") -> 0035 | B33: Austin | C33: TX | D33: Studio | E33: 1915 | F33: REIT | G33: 12 months
A34: =TEXT(Properties!A34,"0000") -> 0037 | B34: Bellevue | C34: WA | D34: Studio | E34: 1129 | F34: Individual | G34: 18 months
A35: =TEXT(Properties!A35,"0000") -> 0038 | B35: Cambridge | C35: MA | D35: 4BR+ | E35: 5187 | F35: Individual | G35: 12 months
... A127: =TEXT(Properties!A127,"0000") -> 0145 | B127: Austin | C127: TX | D127: Studio | E127: 868 | F127: Individual | G127: 12 months
A128: =TEXT(Properties!A128,"0000") -> 0146 | B128: Brooklyn | C128: NY | D128: Studio | E128: 2217 | G128: 6 months
A129: =TEXT(Properties!A129,"0000") -> 0147 | B129: New York | C129: NY | D129: 1BR | E129: 3442 | F129: Property Management Co | G129: 24 months
A130: =TEXT(Properties!A130,"0000") -> 0148 | B130: Nashville | C130: TN | D130: Studio | E130: 975 | F130: Individual | G130: 18 months
A131: =TEXT(Properties!A131,"0000") -> 0149 | B131: Chicago | C131: IL | D131: Studio | E131: 1719 | F131: Individual | G131: 18 months
A132: =TEXT(Properties!A132,"0000") -> 0151 | B132: Fort Lauderdale | C132: FL | D132: 3BR | E132: 3821 | F132: Individual | G132: 12 months
A133: =TEXT(Properties!A133,"0000") -> 0152 | B133: Bellevue | C133: WA | D133: 2BR | E133: 2369 | F133: LLC | G133: 12 months
A134: =TEXT(Properties!A134,"0000") -> 0153 | B134: Brooklyn | C134: NY | D134: 1BR | E134: 4453 | F134: Property Management Co | G134: 12 months
A135: =TEXT(Properties!A135,"0000") -> 0154 | B135: Portland | C135: OR | D135: Studio | E135: 1383 | F135: Individual | G135: 6 months
A136: =TEXT(Properties!A136,"0000") -> 0155 | B136: Houston | C136: TX | D136: 2BR | E136: 4232 | F136: LLC | G136: 12 months
A137: =TEXT(Properties!A137,"0000") -> 0156 | B137: Fort Lauderdale | C137: FL | D137: 2BR | E137: 4287 | F137: Property Management Co | G137: 6 months
A138: =TEXT(Properties!A138,"0000") -> 0157 | B138: San Francisco | C138: CA | D138: 4BR+ | E138: 11068 | F138: REIT | G138: 12 months
A139: =TEXT(Properties!A139,"0000") -> 0158 | B139: Arlington | C139: VA | D139: Studio | E139: 1255 | F139: Property Management Co | G139: 12 months
A140: =TEXT(Properties!A140,"0000") -> 0159 | B140: Aurora | C140: CO | D140: Studio | E140: 1108 | F140: Individual | G140: 12 months
... A143: =TEXT(Properties!A143,"0000") -> 0164 | B143: Atlanta | C143: GA | D143: 1BR | E143: 2778 | F143: Individual | G143: 12 months
A144: =TEXT(Properties!A144,"0000") -> 0165 | B144: Arlington | C144: VA | D144: 1BR | E144: 2312 | G144: 12 months
A145: =TEXT(Properties!A145,"0000") -> 0166 | B145: Washington | C145: DC | D145: 2BR | E145: 3003 | F145: Corporate | G145: 12 months
A146: =TEXT(Properties!A146,"0000") -> 0167 | B146: Chicago | C146: IL | D146: 4BR+ | E146: 4070 | F146: LLC | G146: 24 months
A147: =TEXT(Properties!A147,"0000") -> 0168 | B147: Washington | C147: DC | D147: Studio | E147: 1686 | F147: Property Management Co | G147: 18 months
A148: =TEXT(Properties!A148,"0000") -> 0170 | B148: Washington | C148: DC | D148: 2BR | E148: 4281 | F148: Individual | G148: 24 months
A149: =TEXT(Properties!A149,"0000") -> 0171 | B149: Seattle | C149: WA | D149: 4BR+ | E149: 5062 | F149: REIT | G149: 18 months
A150: =TEXT(Properties!A150,"0000") -> 0172 | B150: Los Angeles | C150: CA | D150: 3BR | E150: 4243 | F150: Property Management Co | G150: 12 months
A151: =TEXT(Properties!A151,"0000") -> 0173 | B151: Oakland | C151: CA | D151: 1BR | E151: 2729 | F151: LLC | G151: 24 months
A152: =TEXT(Properties!A152,"0000") -> 0174 | B152: Arlington | C152: VA | D152: Studio | E152: 2420 | G152: 12 months
A153: =TEXT(Properties!A153,"0000") -> 0175 | B153: Seattle | C153: WA | D153: 2BR | E153: 6642 | F153: REIT | G153: 24 months
A154: =TEXT(Properties!A154,"0000") -> 0176 | B154: Bellevue | C154: WA | D154: 4BR+ | E154: 8083 | F154: Corporate | G154: 12 months
A155: =TEXT(Properties!A155,"0000") -> 0177 | B155: Tempe | C155: AZ | D155: Studio | E155: 1572 | F155: LLC | G155: 12 months
A156: =TEXT(Properties!A156,"0000") -> 0179 | B156: Nashville | C156: TN | D156: 2BR | E156: 4230 | F156: REIT | G156: 24 months
A157: =TEXT(Properties!A157,"0000") -> 0180 | B157: Houston | C157: TX | D157: 2BR | E157: 1993 | F157: Individual | G157: 6 months
A158: =TEXT(Properties!A158,"0000") -> 0181 | B158: Queens | C158: NY | D158: Studio | E158: 911 | F158: LLC | G158: 12 months
A159: =TEXT(Properties!A159,"0000") -> 0182 | B159: Tempe | C159: AZ | D159: Studio | E159: 1393 | F159: Corporate | G159: 6 months
A160: =TEXT(Properties!A160,"0000") -> 0183 | B160: Decatur | C160: GA | D160: 4BR+ | E160: 7691 | F160: Corporate | G160: 18 months
A161: =TEXT(Properties!A161,"0000") -> 0184 | B161: Brooklyn | C161: NY | D161: 4BR+ | E161: 5326 | F161: Property Management Co | G161: 12 months
A162: =TEXT(Properties!A162,"0000") -> 0185 | B162: San Francisco | C162: CA | D162: 4BR+ | E162: 4558 | F162: Property Management Co | G162: 12 months
A163: =TEXT(Properties!A163,"0000") -> 0186 | B163: Los Angeles | C163: CA | D163: 4BR+ | E163: 3617 | F163: LLC | G163: 18 months
A164: =TEXT(Properties!A164,"0000") -> 0188 | B164: Houston | C164: TX | D164: Studio | E164: 1341 | F164: REIT | G164: 12 months
... A179: =TEXT(Properties!A179,"0000") -> 0207 | B179: Fort Lauderdale | C179: FL | D179: 4BR+ | E179: 6644 | F179: Individual | G179: 12 months
A180: =TEXT(Properties!A180,"0000") -> 0208 | B180: Decatur | C180: GA | D180: Studio | E180: 853 | G180: 18 months
A181: =TEXT(Properties!A181,"0000") -> 0210 | B181: Atlanta | C181: GA | D181: 1BR | E181: 2274 | F181: LLC | G181: 12 months
A182: =TEXT(Properties!A182,"0000") -> 0211 | B182: Denver | C182: CO | D182: 1BR | E182: 1424 | F182: Property Management Co | G182: 12 months
A183: =TEXT(Properties!A183,"0000") -> 0212 | B183: New York | C183: NY | D183: 1BR | E183: 1785 | F183: Property Management Co | G183: 12 months
A184: =TEXT(Properties!A184,"0000") -> 0213 | B184: Brooklyn | C184: NY | D184: 2BR | E184: 5736 | F184: Property Management Co | G184: 12 months
A185: =TEXT(Properties!A185,"0000") -> 0214 | B185: Denver | C185: CO | D185: 2BR | E185: 4177 | F185: Property Management Co | G185: 12 months
A186: =TEXT(Properties!A186,"0000") -> 0215 | B186: Miami | C186: FL | D186: Studio | E186: 886 | F186: LLC | G186: 18 months
A187: =TEXT(Properties!A187,"0000") -> 0216 | B187: Arlington | C187: VA | D187: 2BR | E187: 1687 | F187: Property Management Co | G187: 12 months
A188: =TEXT(Properties!A188,"0000") -> 0217 | B188: Austin | C188: TX | D188: 2BR | E188: 3459 | F188: LLC | G188: 12 months
A189: =TEXT(Properties!A189,"0000") -> 0218 | B189: Arlington | C189: VA | D189: 2BR | E189: 3743 | F189: LLC | G189: 6 months
A190: =TEXT(Properties!A190,"0000") -> 0219 | B190: Houston | C190: TX | D190: 3BR | E190: 2448 | F190: Corporate | G190: 12 months
A191: =TEXT(Properties!A191,"0000") -> 0220 | B191: Houston | C191: TX | D191: 1BR | E191: 2118 | F191: LLC | G191: 18 months
A192: =TEXT(Properties!A192,"0000") -> 0223 | B192: Queens | C192: NY | D192: 4BR+ | E192: 5659 | F192: Individual | G192: 6 months
... A232: =TEXT(Properties!A232,"0000") -> 0273 | B232: Phoenix | C232: AZ | D232: 4BR+ | E232: 4770 | F232: Individual | G232: 12 months
A233: =TEXT(Properties!A233,"0000") -> 0274 | B233: Houston | C233: TX | D233: 2BR | E233: 4213 | G233: 12 months
A234: =TEXT(Properties!A234,"0000") -> 0275 | B234: San Francisco | C234: CA | D234: 1BR | E234: 1680 | F234: Individual | G234: 12 months
A235: =TEXT(Properties!A235,"0000") -> 0276 | B235: Arlington | C235: VA | D235: Studio | E235: 832 | F235: Property Management Co | G235: 24 months
A236: =TEXT(Properties!A236,"0000") -> 0277 | B236: Boston | C236: MA | D236: 4BR+ | E236: 5210 | F236: Individual | G236: 12 months
A237: =TEXT(Properties!A237,"0000") -> 0278 | B237: Chicago | C237: IL | D237: 4BR+ | E237: 4954 | F237: Property Management Co | G237: 18 months
A238: =TEXT(Properties!A238,"0000") -> 0279 | B238: Atlanta | C238: GA | D238: Studio | E238: 1762 | F238: REIT | G238: 18 months
A239: =TEXT(Properties!A239,"0000") -> 0280 | B239: Washington | C239: DC | D239: Studio | E239: 1400 | F239: REIT | G239: 18 months
A240: =TEXT(Properties!A240,"0000") -> 0281 | B240: Decatur | C240: GA | D240: 3BR | E240: 2740 | F240: LLC | G240: 12 months
A241: =TEXT(Properties!A241,"0000") -> 0282 | B241: Chicago | C241: IL | D241: 1BR | E241: 1268 | F241: Individual | G241: 12 months
A242: =TEXT(Properties!A242,"0000") -> 0284 | B242: Washington | C242: DC | D242: 1BR | E242: 2563 | F242: LLC | G242: 6 months
A243: =TEXT(Properties!A243,"0000") -> 0285 | B243: Nashville | C243: TN | D243: 2BR | E243: 3351 | F243: REIT | G243: 12 months
A244: =TEXT(Properties!A244,"0000") -> 0286 | B244: San Francisco | C244: CA | D244: 4BR+ | E244: 10332 | F244: Corporate | G244: 12 months
A245: =TEXT(Properties!A245,"0000") -> 0287 | B245: Chicago | C245: IL | D245: 3BR | E245: 5570 | F245: REIT | G245: 6 months
... A257: =TEXT(Properties!A257,"0000") -> 0300 | B257: Miami | C257: FL | D257: 3BR | E257: 4970 | F257: Property Management Co | G257: 24 months
A258: =TEXT(Properties!A258,"0000") -> 0301 | B258: Miami | C258: FL | D258: 1BR | E258: 2378 | G258: 12 months
A259: =TEXT(Properties!A259,"0000") -> 0302 | B259: San Francisco | C259: CA | D259: Studio | E259: 2700 | F259: LLC | G259: 12 months
A260: =TEXT(Properties!A260,"0000") -> 0303 | B260: Houston | C260: TX | D260: 4BR+ | E260: 5239 | F260: Corporate | G260: 18 months
A261: =TEXT(Properties!A261,"0000") -> 0304 | B261: Chicago | C261: IL | D261: Studio | E261: 2085 | F261: LLC | G261: 24 months
A262: =TEXT(Properties!A262,"0000") -> 0305 | B262: Seattle | C262: WA | D262: 3BR | E262: 7194 | F262: Property Management Co | G262: 12 months
A263: =TEXT(Properties!A263,"0000") -> 0306 | B263: Chicago | C263: IL | D263: 2BR | E263: 2658 | F263: REIT | G263: 12 months
A264: =TEXT(Properties!A264,"0000") -> 0307 | B264: Los Angeles | C264: CA | D264: 4BR+ | E264: 7754 | F264: Corporate | G264: 12 months
A265: =TEXT(Properties!A265,"0000") -> 0309 | B265: Brooklyn | C265: NY | D265: 1BR | E265: 4012 | F265: Corporate | G265: 24 months
...
